station_code,station_name,latitude,longitude,basin,sub_basin,tambon,amphoe,province,station_type_telem,start_datetime,end_datetime,agency_name,sponsor_by
MOU001,หน่วยศึกษาการพัฒนาการอนุรักษ์ต้นน้ำปิงส่วนที่ 2 จังหวัดเชียงใหม่,18.874481,98.7916,ปิง,แม่น้ำปิงส่วนที่ 2/2,โป่งแยง,แม่ริม,เชียงใหม่,R,2020-03-19 00:00:00,-,มูลนิธิอาสาเพื่อนพึ่ง (ภาฯ) ยามยาก,บริษัท แอดวานซ์ อินโฟร์ เซอร์วิส จำกัด (มหาชน)
MOU002,หน่วยจัดการต้นน้ำแม่สา,18.910006,98.835594,ปิง,แม่น้ำปิงส่วนที่ 2/2,โป่งแยง,แม่ริม,เชียงใหม่,R,2020-03-19 09:08:58,-,มูลนิธิอาสาเพื่อนพึ่ง (ภาฯ) ยามยาก,บริษัท แอดวานซ์ อินโฟร์ เซอร์วิส จำกัด (มหาชน)
MOU003,หน่วยจัดการต้นน้ำห้วยป่าเลา,18.836586,98.78661,ปิง,น้ำแม่ขาน,บ้านปง,หางดง,เชียงใหม่,R,2020-03-19 09:08:58,-,มูลนิธิอาสาเพื่อนพึ่ง (ภาฯ) ยามยาก,บริษัท แอดวานซ์ อินโฟร์ เซอร์วิส จำกัด (มหาชน)
MOU004,ที่ทำการอุทยานแห่งชาติออบขาน,18.72087,98.82256,ปิง,น้ำแม่ขาน,น้ำแพร่,หางดง,เชียงใหม่,R,2020-03-19 09:08:58,-,มูลนิธิอาสาเพื่อนพึ่ง (ภาฯ) ยามยาก,บริษัท แอดวานซ์ อินโฟร์ เซอร์วิส จำกัด (มหาชน)
MOU005,หน่วยจัดการต้นน้ำแม่ลาน,18.773909,98.69296,ปิง,น้ำแม่ขาน,สะเมิงใต้,สะเมิง,เชียงใหม่,R,2020-03-19 09:08:58,-,มูลนิธิอาสาเพื่อนพึ่ง (ภาฯ) ยามยาก,บริษัท แอดวานซ์ อินโฟร์ เซอร์วิส จำกัด (มหาชน)
MOU006,หน่วยป้องกันรักษาป่าที่ ชม. ๑๓ (สันป่าตอง),18.632421,98.70687,ปิง,น้ำแม่ขาน,แม่วิน,แม่วาง,เชียงใหม่,R,2020-03-19 09:08:58,-,มูลนิธิอาสาเพื่อนพึ่ง (ภาฯ) ยามยาก,บริษัท แอดวานซ์ อินโฟร์ เซอร์วิส จำกัด (มหาชน)
MOU007,หน่วยจัดการต้นน้ำแม่นาไทร,18.794703,98.832344,ปิง,แม่น้ำปิงส่วนที่ 2/2,บ้านปง,หางดง,เชียงใหม่,R,2020-03-19 09:08:58,-,มูลนิธิอาสาเพื่อนพึ่ง (ภาฯ) ยามยาก,บริษัท แอดวานซ์ อินโฟร์ เซอร์วิส จำกัด (มหาชน)
MOU008,หน่วยจัดการต้นน้ำบ่อแก้ว,18.870062,98.51177,ปิง,น้ำแม่แจ่มตอนบน,แม่นาจร,แม่แจ่ม,เชียงใหม่,R,2020-03-19 09:08:58,-,มูลนิธิอาสาเพื่อนพึ่ง (ภาฯ) ยามยาก,บริษัท แอดวานซ์ อินโฟร์ เซอร์วิส จำกัด (มหาชน)
MOU009,สะพานน้ำแม่สา,18.885904,98.82682,ปิง,แม่น้ำปิงส่วนที่ 2/2,โป่งแยง,แม่ริม,เชียงใหม่,W,2020-03-19 09:08:58,-,มูลนิธิอาสาเพื่อนพึ่ง (ภาฯ) ยามยาก,บริษัท แอดวานซ์ อินโฟร์ เซอร์วิส จำกัด (มหาชน)
MOU010,สะพานห้วยแม่ตาช้าง,18.771929,98.862625,ปิง,แม่น้ำปิงส่วนที่ 2/2,บ้านปง,หางดง,เชียงใหม่,W,2020-03-19 09:08:58,-,มูลนิธิอาสาเพื่อนพึ่ง (ภาฯ) ยามยาก,บริษัท แอดวานซ์ อินโฟร์ เซอร์วิส จำกัด (มหาชน)
MOU011,หน่วยจัดการต้นน้ำดอยตุง,20.323719,99.7844,โขงเหนือ,น้ำแม่จัน,แม่ฟ้าหลวง,แม่ฟ้าหลวง,เชียงราย,R,2020-03-19 09:08:58,-,มูลนิธิอาสาเพื่อนพึ่ง (ภาฯ) ยามยาก,บริษัท แอดวานซ์ อินโฟร์ เซอร์วิส จำกัด (มหาชน)
MOU012,หน่วยพิทักษ์อุทยานฯ ที่ ดป.๔ (โครงการบ้านเล็กฯ),20.080412,99.18118,โขงเหนือ,น้ำแม่ฝาง,แม่สาว,แม่อาย,เชียงใหม่,R,2020-03-19 09:08:58,-,มูลนิธิอาสาเพื่อนพึ่ง (ภาฯ) ยามยาก,บริษัท แอดวานซ์ อินโฟร์ เซอร์วิส จำกัด (มหาชน)
MOU013,หน่วยจัดการต้นน้ำขุนแม่กก,20.077362,99.25363,โขงเหนือ,น้ำแม่ฝาง,แม่อาย,แม่อาย,เชียงใหม่,R,2020-03-19 09:08:58,-,มูลนิธิอาสาเพื่อนพึ่ง (ภาฯ) ยามยาก,บริษัท แอดวานซ์ อินโฟร์ เซอร์วิส จำกัด (มหาชน)
MOU014,หน่วยจัดการต้นน้ำดอยผาหลวง,20.015734,99.16127,โขงเหนือ,น้ำแม่ฝาง,โป่งน้ำร้อน,ฝาง,เชียงใหม่,R,2020-03-19 09:08:58,-,มูลนิธิอาสาเพื่อนพึ่ง (ภาฯ) ยามยาก,บริษัท แอดวานซ์ อินโฟร์ เซอร์วิส จำกัด (มหาชน)
MOU015,สะพานห้วยแม่สาว,20.014025,99.26684,โขงเหนือ,น้ำแม่ฝาง,แม่สาว,แม่อาย,เชียงใหม่,W,2020-03-19 09:08:58,-,มูลนิธิอาสาเพื่อนพึ่ง (ภาฯ) ยามยาก,บริษัท แอดวานซ์ อินโฟร์ เซอร์วิส จำกัด (มหาชน)
MOU016,ที่ทำการอุทยานแห่งชาติดอยผ้าห่มปก,19.968637,99.15381,โขงเหนือ,น้ำแม่ฝาง,โป่งน้ำร้อน,ฝาง,เชียงใหม่,R,2020-03-19 09:08:58,-,มูลนิธิอาสาเพื่อนพึ่ง (ภาฯ) ยามยาก,บริษัท แอดวานซ์ อินโฟร์ เซอร์วิส จำกัด (มหาชน)
MOU017,หน่วยจัดการต้นน้ำแม่เผอะ (อ่างขาง),19.895344,99.04919,โขงเหนือ,น้ำแม่ฝาง,แม่งอน,ฝาง,เชียงใหม่,R,2020-03-19 09:08:58,-,มูลนิธิอาสาเพื่อนพึ่ง (ภาฯ) ยามยาก,บริษัท แอดวานซ์ อินโฟร์ เซอร์วิส จำกัด (มหาชน)
MOU018,โครงการพัฒนาราษฎรชาวไทยภูเขา ฯ บ้านปางคอง,19.772844,98.04208,สาละวิน,น้ำของ,นาปู่ป้อม,ปางมะผ้า,แม่ฮ่องสอน,R,2020-03-19 09:08:58,-,มูลนิธิอาสาเพื่อนพึ่ง (ภาฯ) ยามยาก,บริษัท แอดวานซ์ อินโฟร์ เซอร์วิส จำกัด (มหาชน)
MOU019,หน่วยจัดการต้นน้ำดอยถ้วย,19.692398,98.80149,ปิง,แม่น้ำแม่แตง,เมืองนะ,เชียงดาว,เชียงใหม่,R,2020-03-19 09:08:58,-,มูลนิธิอาสาเพื่อนพึ่ง (ภาฯ) ยามยาก,บริษัท แอดวานซ์ อินโฟร์ เซอร์วิส จำกัด (มหาชน)
MOU020,หน่วยจัดการต้นน้ำแม่ทะลบหลวง,19.68675,99.22051,โขงเหนือ,น้ำแม่ฝาง,แม่ทะลบ,ไชยปราการ,เชียงใหม่,R,2020-03-19 09:08:58,-,มูลนิธิอาสาเพื่อนพึ่ง (ภาฯ) ยามยาก,บริษัท แอดวานซ์ อินโฟร์ เซอร์วิส จำกัด (มหาชน)
MOU021,สถานีพัฒนาการเกษตรที่สูง ฯ ภูพยัคฆ์,19.504732,101.213745,น่าน,แม่น้ำน่านตอนบน,ขุนน่าน,เฉลิมพระเกียรติ,น่าน,R,2020-03-19 09:08:58,-,มูลนิธิอาสาเพื่อนพึ่ง (ภาฯ) ยามยาก,บริษัท แอดวานซ์ อินโฟร์ เซอร์วิส จำกัด (มหาชน)
MOU022,หน่วยจัดการต้นน้ำแม่พริก (หน่วยย่อย ปางหลวง),19.48251,99.586685,โขงเหนือ,น้ำแม่ลาวส่วนที่ 1,ท่าก๊อ,แม่สรวย,เชียงราย,R,2020-03-19 09:08:58,-,มูลนิธิอาสาเพื่อนพึ่ง (ภาฯ) ยามยาก,บริษัท แอดวานซ์ อินโฟร์ เซอร์วิส จำกัด (มหาชน)
MOU023,หน่วยจัดการต้นน้ำขุนน้ำพริก,19.457697,100.65635,น่าน,ห้วยน้ำยาว (1),ชนแดน,สองแคว,น่าน,R,2020-03-19 09:08:58,-,มูลนิธิอาสาเพื่อนพึ่ง (ภาฯ) ยามยาก,บริษัท แอดวานซ์ อินโฟร์ เซอร์วิส จำกัด (มหาชน)
MOU024,หน่วยศึกษาการพัฒนาการอนุรักษ์ต้นน้ำน้ำม่าว,19.14955,100.23981,ยม,แม่น้ำยมตอนบนส่วนที่ 2,ปง,ปง,พะเยา,R,2020-03-19 09:08:58,-,มูลนิธิอาสาเพื่อนพึ่ง (ภาฯ) ยามยาก,บริษัท แอดวานซ์ อินโฟร์ เซอร์วิส จำกัด (มหาชน)
MOU025,สะพานแม่น้ำน่าน บ้านเปียงก่อ,19.43208,101.152725,น่าน,แม่น้ำน่านตอนบน,ขุนน่าน,เฉลิมพระเกียรติ,น่าน,W,2020-03-19 09:08:58,-,มูลนิธิอาสาเพื่อนพึ่ง (ภาฯ) ยามยาก,บริษัท แอดวานซ์ อินโฟร์ เซอร์วิส จำกัด (มหาชน)
MOU026,ที่ทำการอุทยานแห่งชาติถ้ำสะเกิน,19.383793,100.53891,ยม,แม่น้ำยมตอนบนส่วนที่ 1,ยอด,สองแคว,น่าน,R,2020-03-19 09:08:58,-,มูลนิธิอาสาเพื่อนพึ่ง (ภาฯ) ยามยาก,บริษัท แอดวานซ์ อินโฟร์ เซอร์วิส จำกัด (มหาชน)
MOU027,สะพานน้ำยาว บ้านสองแคว,19.35672,100.70647,น่าน,ห้วยน้ำยาว (1),นาไร่หลวง,สองแคว,น่าน,W,2020-03-19 09:08:58,-,มูลนิธิอาสาเพื่อนพึ่ง (ภาฯ) ยามยาก,บริษัท แอดวานซ์ อินโฟร์ เซอร์วิส จำกัด (มหาชน)
MOU028,หน่วยจัดการต้นน้ำขุนน่าน,19.348192,101.1751,น่าน,แม่น้ำน่านตอนบน,บ่อเกลือเหนือ,บ่อเกลือ,น่าน,R,2020-03-19 09:08:58,-,มูลนิธิอาสาเพื่อนพึ่ง (ภาฯ) ยามยาก,บริษัท แอดวานซ์ อินโฟร์ เซอร์วิส จำกัด (มหาชน)
MOU029,หน่วยพิทักษ์อุทยานแห่งชาติที่ ศล.๕ (แม่ระงอง),19.32973,99.13403,ปิง,น้ำแม่งัด,น้ำแพร่,พร้าว,เชียงใหม่,R,2020-03-19 09:08:58,-,มูลนิธิอาสาเพื่อนพึ่ง (ภาฯ) ยามยาก,บริษัท แอดวานซ์ อินโฟร์ เซอร์วิส จำกัด (มหาชน)
MOU030,หน่วยจัดการต้นน้ำน้ำกอนฝั่งซ้าย,19.310799,101.01174,น่าน,แม่น้ำน่านตอนบน,พญาแก้ว,เชียงกลาง,น่าน,R,2020-03-19 09:08:58,-,มูลนิธิอาสาเพื่อนพึ่ง (ภาฯ) ยามยาก,บริษัท แอดวานซ์ อินโฟร์ เซอร์วิส จำกัด (มหาชน)
MOU031,ที่ทำการเขตรักษาพันธุ์สัตว์ป่าดอยผาช้าง,19.30203,100.40965,ยม,แม่น้ำยมตอนบนส่วนที่ 1,งิม,ปง,พะเยา,R,2020-03-19 09:08:58,-,มูลนิธิอาสาเพื่อนพึ่ง (ภาฯ) ยามยาก,บริษัท แอดวานซ์ อินโฟร์ เซอร์วิส จำกัด (มหาชน)
MOU032,สะพานน้ำกอน บ้านพญาแก้ว,19.286186,100.901245,น่าน,แม่น้ำน่านตอนบน,พญาแก้ว,เชียงกลาง,น่าน,W,2020-03-19 09:08:58,-,มูลนิธิอาสาเพื่อนพึ่ง (ภาฯ) ยามยาก,บริษัท แอดวานซ์ อินโฟร์ เซอร์วิส จำกัด (มหาชน)
MOU033,สะพานแม่น้ำว้า บ้านบ่อหยวก,19.270342,101.17807,น่าน,น้ำว้า,บ่อเกลือเหนือ,บ่อเกลือ,น่าน,W,2020-03-19 09:08:58,-,มูลนิธิอาสาเพื่อนพึ่ง (ภาฯ) ยามยาก,บริษัท แอดวานซ์ อินโฟร์ เซอร์วิส จำกัด (มหาชน)
MOU034,หน่วยจัดการต้นน้ำขุนว้า,19.236814,101.18389,น่าน,น้ำว้า,ดงพญา,บ่อเกลือ,น่าน,R,2020-03-19 09:08:58,-,มูลนิธิอาสาเพื่อนพึ่ง (ภาฯ) ยามยาก,บริษัท แอดวานซ์ อินโฟร์ เซอร์วิส จำกัด (มหาชน)
MOU035,สะพานน้ำขว้าง บ้านร้องแง,19.175928,100.92984,น่าน,แม่น้ำน่านตอนบน,วรนคร,ปัว,น่าน,W,2020-03-19 09:08:58,-,มูลนิธิอาสาเพื่อนพึ่ง (ภาฯ) ยามยาก,บริษัท แอดวานซ์ อินโฟร์ เซอร์วิส จำกัด (มหาชน)
MOU036,สถาบันนวัตกรรมด้านป่าไม้ จังหวัดแพร่,18.13955,100.13376,ยม,แม่น้ำยมตอนกลางส่วนที่ 2,ในเวียง,เมืองแพร่,แพร่,R,2020-03-19 00:00:00,-,มูลนิธิอาสาเพื่อนพึ่ง (ภาฯ) ยามยาก,บริษัท แอดวานซ์ อินโฟร์ เซอร์วิส จำกัด (มหาชน)
MOU037,หน่วยศึกษาการพัฒนาการอนุรักษ์ต้นน้ำน้ำคาง (ดอยวาว),19.138962,100.640915,ยม,แม่น้ำควน,ศรีภูมิ,ท่าวังผา,น่าน,R,2020-03-19 09:08:58,-,มูลนิธิอาสาเพื่อนพึ่ง (ภาฯ) ยามยาก,บริษัท แอดวานซ์ อินโฟร์ เซอร์วิส จำกัด (มหาชน)
MOU038,สะพานห้วยน้ำสาย,19.026342,100.73505,น่าน,แม่น้ำน่านส่วนที่ 2/1,ตาลชุม,ท่าวังผา,น่าน,W,2020-03-19 09:08:58,-,มูลนิธิอาสาเพื่อนพึ่ง (ภาฯ) ยามยาก,บริษัท แอดวานซ์ อินโฟร์ เซอร์วิส จำกัด (มหาชน)
MOU039,หน่วยจัดการต้นน้ำแม่หยอด,18.831062,98.10256,ปิง,น้ำแม่แจ่มตอนบน,แม่ศึก,แม่แจ่ม,เชียงใหม่,R,2020-03-19 09:08:58,-,มูลนิธิอาสาเพื่อนพึ่ง (ภาฯ) ยามยาก,บริษัท แอดวานซ์ อินโฟร์ เซอร์วิส จำกัด (มหาชน)
MOU040,ที่ทำการอุทยานแห่งชาติดอยภูนาง,18.856346,100.1822,ยม,แม่น้ำยมตอนบนส่วนที่ 3,บ้านมาง,เชียงม่วน,พะเยา,R,2020-03-19 09:08:58,-,มูลนิธิอาสาเพื่อนพึ่ง (ภาฯ) ยามยาก,บริษัท แอดวานซ์ อินโฟร์ เซอร์วิส จำกัด (มหาชน)
MOU041,ที่ทำการอุทยานแห่งชาติแจ้ซ้อน,18.836437,99.47019,วัง,แม่น้ำสวย,แจ้ซ้อน,เมืองปาน,ลำปาง,R,2020-03-19 09:08:58,-,มูลนิธิอาสาเพื่อนพึ่ง (ภาฯ) ยามยาก,บริษัท แอดวานซ์ อินโฟร์ เซอร์วิส จำกัด (มหาชน)
MOU042,หน่วยจัดการต้นน้ำแม่จริม,18.804169,101.0354,น่าน,น้ำว้า,แม่จริม,แม่จริม,น่าน,R,2020-03-19 09:08:58,-,มูลนิธิอาสาเพื่อนพึ่ง (ภาฯ) ยามยาก,บริษัท แอดวานซ์ อินโฟร์ เซอร์วิส จำกัด (มหาชน)
MOU043,หน่วยพิทักษ์อุทยานแห่งชาติที่ มย.๖ (นาฝาย),18.776993,100.30109,ยม,แม่น้ำยมตอนบนส่วนที่ 3,สะเอียบ,สอง,แพร่,R,2020-03-19 09:08:58,-,มูลนิธิอาสาเพื่อนพึ่ง (ภาฯ) ยามยาก,บริษัท แอดวานซ์ อินโฟร์ เซอร์วิส จำกัด (มหาชน)
MOU044,หน่วยจัดการต้นน้ำแม่ขะนิง,18.752836,100.54118,น่าน,น้ำสา,แม่ขะนิง,เวียงสา,น่าน,R,2020-03-19 09:08:58,-,มูลนิธิอาสาเพื่อนพึ่ง (ภาฯ) ยามยาก,บริษัท แอดวานซ์ อินโฟร์ เซอร์วิส จำกัด (มหาชน)
MOU045,สะพานน้ำว้า บ้านน้ำว้า,18.643225,101.010826,น่าน,น้ำว้า,น้ำพาง,แม่จริม,น่าน,W,2020-03-19 09:08:58,-,มูลนิธิอาสาเพื่อนพึ่ง (ภาฯ) ยามยาก,บริษัท แอดวานซ์ อินโฟร์ เซอร์วิส จำกัด (มหาชน)
MOU046,ที่ทำการอุทยานแห่งชาติถ้ำผาไท,18.603567,99.9006,ยม,แม่น้ำงาว,บ้านหวด,งาว,ลำปาง,R,2020-03-19 09:08:58,-,มูลนิธิอาสาเพื่อนพึ่ง (ภาฯ) ยามยาก,บริษัท แอดวานซ์ อินโฟร์ เซอร์วิส จำกัด (มหาชน)
MOU047,หน่วยพิทักษ์อุทยานแห่งชาติที่ มร. ๑ (ห้วยเต่า),18.58667,101.06919,น่าน,น้ำว้า,น้ำพาง,แม่จริม,น่าน,R,2020-03-19 09:08:58,-,มูลนิธิอาสาเพื่อนพึ่ง (ภาฯ) ยามยาก,บริษัท แอดวานซ์ อินโฟร์ เซอร์วิส จำกัด (มหาชน)
MOU048,สะพานห้วยแม่ถาบ้านปาหุ่ง,18.584383,100.50959,น่าน,น้ำสา,ยาบหัวนา,เวียงสา,น่าน,W,2020-03-19 09:08:58,-,มูลนิธิอาสาเพื่อนพึ่ง (ภาฯ) ยามยาก,บริษัท แอดวานซ์ อินโฟร์ เซอร์วิส จำกัด (มหาชน)
MOU049,ที่ทำการเขตรักษาพันธุ์สัตว์ป่าสาละวิน,18.308104,97.852234,สาละวิน,แม่น้ำยวมตอนล่างส่วนที่ 1,บ้านกาศ,แม่สะเรียง,แม่ฮ่องสอน,R,2020-03-19 09:08:58,-,มูลนิธิอาสาเพื่อนพึ่ง (ภาฯ) ยามยาก,บริษัท แอดวานซ์ อินโฟร์ เซอร์วิส จำกัด (มหาชน)
MOU050,หน่วยจัดการต้นน้ำแม่กลาง,18.53316,98.52241,ปิง,น้ำแม่กลาง,บ้านหลวง,จอมทอง,เชียงใหม่,R,2020-03-19 09:08:58,-,มูลนิธิอาสาเพื่อนพึ่ง (ภาฯ) ยามยาก,บริษัท แอดวานซ์ อินโฟร์ เซอร์วิส จำกัด (มหาชน)
MOU051,หน่วยจัดการต้นน้ำแม่ถา,18.516388,100.40299,น่าน,น้ำสา,ยาบหัวนา,เวียงสา,น่าน,R,2020-03-19 09:08:58,-,มูลนิธิอาสาเพื่อนพึ่ง (ภาฯ) ยามยาก,บริษัท แอดวานซ์ อินโฟร์ เซอร์วิส จำกัด (มหาชน)
MOU052,ที่ทำการอุทยานแห่งชาติดอยขุนตาล,18.495716,99.27012,ปิง,น้ำแม่กวง,ทาปลาดุก,แม่ทา,ลำพูน,R,2020-03-19 09:08:58,-,มูลนิธิอาสาเพื่อนพึ่ง (ภาฯ) ยามยาก,บริษัท แอดวานซ์ อินโฟร์ เซอร์วิส จำกัด (มหาชน)
MOU053,สะพานน้ำมวบ บ้านน้ำมวบ,18.484367,100.93808,น่าน,แม่น้ำน่านส่วนที่ 3/2,น้ำมวบ,เวียงสา,น่าน,W,2020-03-19 09:08:58,-,มูลนิธิอาสาเพื่อนพึ่ง (ภาฯ) ยามยาก,บริษัท แอดวานซ์ อินโฟร์ เซอร์วิส จำกัด (มหาชน)
MOU054,ที่ทำการเขตรักษาพันธุ์สัตว์ป่าดอยหลวง,18.434032,100.11428,ยม,แม่น้ำยมตอนกลางส่วนที่ 1,ห้วยหม้าย,สอง,แพร่,R,2020-03-19 09:08:58,-,มูลนิธิอาสาเพื่อนพึ่ง (ภาฯ) ยามยาก,บริษัท แอดวานซ์ อินโฟร์ เซอร์วิส จำกัด (มหาชน)
MOU055,หน่วยจัดการต้นน้ำขุนแม่แจ่ม,19.016296,98.413284,ปิง,น้ำแม่แจ่มตอนบน,แม่แดด,กัลยาณิวัฒนา,เชียงใหม่,R,2020-03-19 09:08:58,-,มูลนิธิอาสาเพื่อนพึ่ง (ภาฯ) ยามยาก,บริษัท แอดวานซ์ อินโฟร์ เซอร์วิส จำกัด (มหาชน)
MOU056,หน่วยจัดการต้นน้ำสวนป่าสิริกิติ์,18.36419,98.46656,ปิง,น้ำแม่กลาง,กองแขก,แม่แจ่ม,เชียงใหม่,R,2020-03-19 09:08:58,-,มูลนิธิอาสาเพื่อนพึ่ง (ภาฯ) ยามยาก,บริษัท แอดวานซ์ อินโฟร์ เซอร์วิส จำกัด (มหาชน)
MOU057,หน่วยจัดการต้นน้ำขุนสถาน,18.260094,100.54344,น่าน,น้ำแหง,สันทะ,นาน้อย,น่าน,R,2020-03-19 09:08:58,-,มูลนิธิอาสาเพื่อนพึ่ง (ภาฯ) ยามยาก,บริษัท แอดวานซ์ อินโฟร์ เซอร์วิส จำกัด (มหาชน)
MOU058,หน่วยศึกษาการพัฒนาการอนุรักษ์ต้นน้ำแม่ถาง,18.246656,100.35791,ยม,แม่น้ำยมตอนกลางส่วนที่ 2,น้ำเลา,ร้องกวาง,แพร่,R,2020-03-19 09:08:58,-,มูลนิธิอาสาเพื่อนพึ่ง (ภาฯ) ยามยาก,บริษัท แอดวานซ์ อินโฟร์ เซอร์วิส จำกัด (มหาชน)
MOU059,ที่ทำการอุทยานแห่งชาติดอยผากลอง,18.15246,99.98731,ยม,น้ำแม่ต้า,ต้าผามอก,ลอง,แพร่,R,2020-03-19 09:08:58,-,มูลนิธิอาสาเพื่อนพึ่ง (ภาฯ) ยามยาก,บริษัท แอดวานซ์ อินโฟร์ เซอร์วิส จำกัด (มหาชน)
MOU060,หน่วยพิทักษ์อุทยานฯ ที่ ผก.๒ (ถ้ำเอราวัณ-แก่งหลวง),18.036478,99.94223,ยม,แม่น้ำยมตอนกลางส่วนที่ 2,บ้านปิน,ลอง,แพร่,R,2020-03-19 09:08:58,-,มูลนิธิอาสาเพื่อนพึ่ง (ภาฯ) ยามยาก,บริษัท แอดวานซ์ อินโฟร์ เซอร์วิส จำกัด (มหาชน)
MOU061,หน่วยพิทักษ์อุทยานแห่งชาติ ที่ วศ.๑ (แม่แขม),18.031418,99.70316,ยม,แม่น้ำยมตอนล่างส่วนที่ 1,บ่อเหล็กลอง,ลอง,แพร่,R,2020-03-19 09:08:58,-,มูลนิธิอาสาเพื่อนพึ่ง (ภาฯ) ยามยาก,บริษัท แอดวานซ์ อินโฟร์ เซอร์วิส จำกัด (มหาชน)
MOU062,หน่วยพิทักษ์ป่าน้ำสาว,19.044817,100.49136,ยม,แม่น้ำควน,ขุนควร,ปง,พะเยา,R,2020-03-19 09:08:58,-,มูลนิธิอาสาเพื่อนพึ่ง (ภาฯ) ยามยาก,บริษัท แอดวานซ์ อินโฟร์ เซอร์วิส จำกัด (มหาชน)
MOU063,ที่ทำการอุทยานแห่งชาติเวียงโกศัย,17.966305,99.59616,ยม,แม่น้ำยมตอนล่างส่วนที่ 1,แม่เกิ๋ง,วังชิ้น,แพร่,R,2020-03-19 09:08:58,-,มูลนิธิอาสาเพื่อนพึ่ง (ภาฯ) ยามยาก,บริษัท แอดวานซ์ อินโฟร์ เซอร์วิส จำกัด (มหาชน)
MOU064,หน่วยศึกษาการพัฒนาการอนุรักษ์ต้นน้ำแม่สูง,17.804287,99.82809,ยม,ห้วยแม่สิน,นาพูน,วังชิ้น,แพร่,R,2020-03-19 09:08:58,-,มูลนิธิอาสาเพื่อนพึ่ง (ภาฯ) ยามยาก,บริษัท แอดวานซ์ อินโฟร์ เซอร์วิส จำกัด (มหาชน)
MOU065,หน่วยศึกษาการพัฒนาการอนุรักษ์ต้นน้ำผาเวียง,17.730162,99.57418,ยม,แม่น้ำยมตอนล่างส่วนที่ 2,แม่สิน,ศรีสัชนาลัย,สุโขทัย,R,2020-03-19 09:08:58,-,มูลนิธิอาสาเพื่อนพึ่ง (ภาฯ) ยามยาก,บริษัท แอดวานซ์ อินโฟร์ เซอร์วิส จำกัด (มหาชน)
MOU066,หน่วยพิทักษ์อุทยานแห่งชาติ ที่ สก. 2 (ภูลังกา),19.393606,100.45062,ยม,แม่น้ำยมตอนบนส่วนที่ 1,ผาช้างน้อย,ปง,พะเยา,R,2020-03-19 00:00:00,-,มูลนิธิอาสาเพื่อนพึ่ง (ภาฯ) ยามยาก,บริษัท แอดวานซ์ อินโฟร์ เซอร์วิส จำกัด (มหาชน)
MOU067,หน่วยศึกษาการพัฒนาการอนุรักษ์ต้นน้ำแม่สาน (หน่วยย่อย),17.653162,99.604034,ยม,แม่น้ำยมตอนล่างส่วนที่ 2,แม่สิน,ศรีสัชนาลัย,สุโขทัย,R,2020-03-19 00:00:00,-,มูลนิธิอาสาเพื่อนพึ่ง (ภาฯ) ยามยาก,บริษัท แอดวานซ์ อินโฟร์ เซอร์วิส จำกัด (มหาชน)
MOU068,อุทยานแห่งชาติแม่เมย,17.483812,98.07418,สาละวิน,แม่น้ำเมยตอนล่าง,แม่สอง,ท่าสองยาง,ตาก,R,2020-03-19 09:08:58,-,มูลนิธิอาสาเพื่อนพึ่ง (ภาฯ) ยามยาก,บริษัท แอดวานซ์ อินโฟร์ เซอร์วิส จำกัด (มหาชน)
MOU069,หน่วยพิทักษ์อุทยานแห่งชาติ มว.๔ (แม่แสลม),17.385546,99.30819,ยม,น้ำแม่มอก,เวียงมอก,เถิน,ลำปาง,R,2020-03-19 09:08:58,-,มูลนิธิอาสาเพื่อนพึ่ง (ภาฯ) ยามยาก,บริษัท แอดวานซ์ อินโฟร์ เซอร์วิส จำกัด (มหาชน)
MOU070,หน่วยจัดการต้นน้ำดอยเปเปอร์,17.265078,98.35859,สาละวิน,แม่น้ำเมยตอนล่าง,แม่หละ,ท่าสองยาง,ตาก,R,2020-03-19 09:08:58,-,มูลนิธิอาสาเพื่อนพึ่ง (ภาฯ) ยามยาก,บริษัท แอดวานซ์ อินโฟร์ เซอร์วิส จำกัด (มหาชน)
MOU071,ที่ทำการเขตรักษาพันธุ์สัตว์ป่าถ้ำเจ้าราม,17.243807,99.48649,ยม,น้ำแม่มอก,นาขุนไกร,ศรีสำโรง,สุโขทัย,R,2020-03-19 09:08:58,-,มูลนิธิอาสาเพื่อนพึ่ง (ภาฯ) ยามยาก,บริษัท แอดวานซ์ อินโฟร์ เซอร์วิส จำกัด (มหาชน)
MOU072,โครงการอนุรักษ์สภาพป่าแม่ตื่น ฯ (บ้านห้วยน้ำเย็น),17.22546,98.5574,ปิง,น้ำแม่ตื่น,แม่ตื่น,แม่ระมาด,ตาก,R,2020-03-19 09:08:58,-,มูลนิธิอาสาเพื่อนพึ่ง (ภาฯ) ยามยาก,บริษัท แอดวานซ์ อินโฟร์ เซอร์วิส จำกัด (มหาชน)
MOU073,สะพานแม่ตื่น,17.12535,98.6394,ปิง,น้ำแม่ตื่น,แม่ตื่น,แม่ระมาด,ตาก,W,2020-03-19 09:08:58,-,มูลนิธิอาสาเพื่อนพึ่ง (ภาฯ) ยามยาก,บริษัท แอดวานซ์ อินโฟร์ เซอร์วิส จำกัด (มหาชน)
MOU074,คลองแม่รำพัน 1,17.050375,99.664345,ยม,น้ำแม่รำพัน,เมืองเก่า,เมืองสุโขทัย,สุโขทัย,W,2020-03-19 09:08:58,-,มูลนิธิอาสาเพื่อนพึ่ง (ภาฯ) ยามยาก,บริษัท แอดวานซ์ อินโฟร์ เซอร์วิส จำกัด (มหาชน)
MOU075,หน่วยพิทักษ์อุทยานแห่งชาติที่ รค.๒ (คลองสวน),17.026962,99.62327,ยม,น้ำแม่รำพัน,บ้านด่าน,บ้านด่านลานหอย,สุโขทัย,R,2020-03-19 09:08:58,-,มูลนิธิอาสาเพื่อนพึ่ง (ภาฯ) ยามยาก,บริษัท แอดวานซ์ อินโฟร์ เซอร์วิส จำกัด (มหาชน)
MOU076,ยอดเขาหลวง (อุทยานแห่งชาติรามคำแหง),16.8775,99.6929,ยม,แม่น้ำยมตอนล่างส่วนที่ 4,ศรีคีรีมาศ,คีรีมาศ,สุโขทัย,R,2020-03-19 09:08:58,-,มูลนิธิอาสาเพื่อนพึ่ง (ภาฯ) ยามยาก,บริษัท แอดวานซ์ อินโฟร์ เซอร์วิส จำกัด (มหาชน)
MOU077,หน่วยพิทักษ์อุทยานแห่งชาติที่ ตม.๓ (ปูแป้),16.852455,98.770515,สาละวิน,ห้วยแม่ละเมา,พะวอ,แม่สอด,ตาก,R,2020-03-19 09:08:58,-,มูลนิธิอาสาเพื่อนพึ่ง (ภาฯ) ยามยาก,บริษัท แอดวานซ์ อินโฟร์ เซอร์วิส จำกัด (มหาชน)
MOU078,หน่วยพิทักษ์อุทยานแห่งชาติที่ ผท.๑ (ปากบอก),19.0587,99.7755,ยม,แม่น้ำงาว,บ้านร้อง,งาว,ลำปาง,R,2020-03-19 09:08:58,-,มูลนิธิอาสาเพื่อนพึ่ง (ภาฯ) ยามยาก,บริษัท แอดวานซ์ อินโฟร์ เซอร์วิส จำกัด (มหาชน)
MOU079,หน่วยจัดการต้นน้ำแม่กลองน้อย-แม่กลองใหญ่,16.28706,98.99642,แม่กลอง,แม่น้ำแควใหญ่ตอนบนส่วนที่ 1,โมโกร,อุ้มผาง,ตาก,R,2020-03-19 09:08:58,-,มูลนิธิอาสาเพื่อนพึ่ง (ภาฯ) ยามยาก,บริษัท แอดวานซ์ อินโฟร์ เซอร์วิส จำกัด (มหาชน)
MOU080,หน่วยพิทักษ์ป่าเขาปันโส,15.23958,99.40895,ท่าจีน,ห้วยกระเสียว,คอกควาย,บ้านไร่,อุทัยธานี,R,2020-03-19 09:08:58,-,มูลนิธิอาสาเพื่อนพึ่ง (ภาฯ) ยามยาก,บริษัท แอดวานซ์ อินโฟร์ เซอร์วิส จำกัด (มหาชน)
MOU081,หน่วยจัดการต้นน้ำน้ำพาง,16.950624,101.625046,ชี,ลำน้ำพองตอนบนส่วนที่ 1,วังกวาง,น้ำหนาว,เพชรบูรณ์,R,2020-12-30 10:27:33,-,มูลนิธิอาสาเพื่อนพึ่ง (ภาฯ) ยามยาก,บริษัท ทรู คอร์ปอเรชั่น จำกัด (มหาชน)
MOU082,หน่วยพิทักษ์อุทยานฯ ที่ นน.๖ (ถ้ำใหญ่น้ำหนาว),16.946766,101.50735,ป่าสัก,แม่น้ำป่าสักตอนบน,วังกวาง,น้ำหนาว,เพชรบูรณ์,R,2020-12-30 10:31:23,-,มูลนิธิอาสาเพื่อนพึ่ง (ภาฯ) ยามยาก,บริษัท ทรู คอร์ปอเรชั่น จำกัด (มหาชน)
MOU083,หน่วยพิทักษ์อุทยานแห่งชาติที่ ขค.๓ (ผาซ่อนแก้ว),16.777805,101.06848,ป่าสัก,แม่น้ำป่าสักส่วนที่ 2,แคมป์สน,เขาค้อ,เพชรบูรณ์,R,2020-12-30 10:33:18,-,มูลนิธิอาสาเพื่อนพึ่ง (ภาฯ) ยามยาก,บริษัท ทรู คอร์ปอเรชั่น จำกัด (มหาชน)
MOU084,อุทยานแห่งชาติน้ำหนาว,16.739008,101.56979,ชี,ลำน้ำเชิญส่วนที่ 1,น้ำหนาว,น้ำหนาว,เพชรบูรณ์,R,2020-12-30 10:36:48,-,มูลนิธิอาสาเพื่อนพึ่ง (ภาฯ) ยามยาก,บริษัท ทรู คอร์ปอเรชั่น จำกัด (มหาชน)
MOU085,หน่วยพิทักษ์ป่าช้างตะลูด,16.57349,101.33624,ป่าสัก,แม่น้ำป่าสักส่วนที่ 2,ช้างตะลูด,หล่มสัก,เพชรบูรณ์,R,2020-12-30 10:38:04,-,มูลนิธิอาสาเพื่อนพึ่ง (ภาฯ) ยามยาก,บริษัท ทรู คอร์ปอเรชั่น จำกัด (มหาชน)
MOU086,หน่วยจัดการต้นน้ำห้วยอีมาย,16.4093,101.283035,ป่าสัก,แม่น้ำป่าสักส่วนที่ 2,นาป่า,เมืองเพชรบูรณ์,เพชรบูรณ์,R,2020-12-30 11:00:39,-,มูลนิธิอาสาเพื่อนพึ่ง (ภาฯ) ยามยาก,บริษัท ทรู คอร์ปอเรชั่น จำกัด (มหาชน)
MOU087,อุทยานแห่งชาติภูเรือ,17.503641,101.35063,โขงตะวันออกเฉียงเหนือ,น้ำสาน,หนองบัว,ภูเรือ,เลย,R,2020-12-30 11:02:10,-,มูลนิธิอาสาเพื่อนพึ่ง (ภาฯ) ยามยาก,บริษัท ทรู คอร์ปอเรชั่น จำกัด (มหาชน)
MOU088,หน่วยจัดการต้นน้ำน้ำโสม,17.928356,102.06969,โขงตะวันออกเฉียงเหนือ,ห้วยน้ำโสม,นาแค,นายูง,อุดรธานี,R,2020-12-30 11:03:32,-,มูลนิธิอาสาเพื่อนพึ่ง (ภาฯ) ยามยาก,บริษัท ทรู คอร์ปอเรชั่น จำกัด (มหาชน)
MOU089,เขตห้ามล่าสัตว์ป่าหนองหานกุมภวาปี,17.210735,103.003716,ชี,ลำปาวตอนบน,นาม่วง,ประจักษ์ศิลปาคม,อุดรธานี,R,2020-12-30 11:04:38,-,มูลนิธิอาสาเพื่อนพึ่ง (ภาฯ) ยามยาก,บริษัท ทรู คอร์ปอเรชั่น จำกัด (มหาชน)
MOU090,โครงการพัฒนาพื้นที่ภูผาหัก,17.187243,103.45411,ชี,ลำพันชาด,ผาสุก,วังสามหมอ,อุดรธานี,R,2020-12-30 11:05:47,-,มูลนิธิอาสาเพื่อนพึ่ง (ภาฯ) ยามยาก,บริษัท ทรู คอร์ปอเรชั่น จำกัด (มหาชน)
MOU091,สถานีควบคุมไฟป่าภูฝอยลม,17.158497,102.69408,ชี,ลำปาวตอนบน,ทับกุง,หนองแสง,อุดรธานี,R,2020-12-30 11:06:38,-,มูลนิธิอาสาเพื่อนพึ่ง (ภาฯ) ยามยาก,บริษัท ทรู คอร์ปอเรชั่น จำกัด (มหาชน)
MOU092,หน่วยจัดการต้นน้ำห้วยหลวง,17.078436,102.56078,โขงตะวันออกเฉียงเหนือ,ห้วยหลวงส่วนที่ 1,อูบมุง,หนองวัวซอ,อุดรธานี,R,2020-12-30 11:07:50,-,มูลนิธิอาสาเพื่อนพึ่ง (ภาฯ) ยามยาก,บริษัท ทรู คอร์ปอเรชั่น จำกัด (มหาชน)
MOU093,ศูนย์ศึกษาการพัฒนาการอนุรักษ์ต้นน้ำลุ่มน้ำชี,16.931946,102.7016,ชี,ลำน้ำพองตอนล่างส่วนที่ 1,ศรีสุขสำราญ,อุบลรัตน์,ขอนแก่น,R,2020-12-30 00:00:00,-,มูลนิธิอาสาเพื่อนพึ่ง (ภาฯ) ยามยาก,บริษัท ทรู คอร์ปอเรชั่น จำกัด (มหาชน)
MOU094,หน่วยพิทักษ์อุทยานแห่งชาติที่ ลย.๑ (วังกวาง),16.886986,101.78821,ชี,ลำน้ำพองตอนบนส่วนที่ 1,ศรีฐาน,ภูกระดึง,เลย,R,2020-12-30 11:11:47,-,มูลนิธิอาสาเพื่อนพึ่ง (ภาฯ) ยามยาก,บริษัท ทรู คอร์ปอเรชั่น จำกัด (มหาชน)
MOU095,อุทยานแห่งชาติภูผาม่าน,16.758228,101.96858,ชี,ลำน้ำเชิญส่วนที่ 1,นาหนองทุ่ม,ชุมแพ,ขอนแก่น,R,2020-12-30 11:12:41,-,มูลนิธิอาสาเพื่อนพึ่ง (ภาฯ) ยามยาก,บริษัท ทรู คอร์ปอเรชั่น จำกัด (มหาชน)
MOU096,หน่วยจัดการต้นน้ำลำพะยัง,16.682842,103.957504,ชี,ลำน้ำยัง,ภูแล่นช้าง,นาคู,กาฬสินธุ์,R,2020-12-30 11:14:02,-,มูลนิธิอาสาเพื่อนพึ่ง (ภาฯ) ยามยาก,บริษัท ทรู คอร์ปอเรชั่น จำกัด (มหาชน)
MOU097,หน่วยจัดการต้นน้ำภูเวียง,16.677929,102.354195,ชี,ลำน้ำพองตอนบนส่วนที่ 3,สงเปือย,ภูเวียง,ขอนแก่น,R,2020-12-30 11:15:01,-,มูลนิธิอาสาเพื่อนพึ่ง (ภาฯ) ยามยาก,บริษัท ทรู คอร์ปอเรชั่น จำกัด (มหาชน)
MOU098,สถานีวิจัยต้นน้ำชี,16.66195,102.22475,ชี,ลำน้ำพองตอนบนส่วนที่ 3,ในเมือง,เวียงเก่า,ขอนแก่น,R,2020-12-30 11:18:15,-,มูลนิธิอาสาเพื่อนพึ่ง (ภาฯ) ยามยาก,บริษัท ทรู คอร์ปอเรชั่น จำกัด (มหาชน)
MOU099,หน่วยจัดการต้นน้ำลำเชิญ,16.66067,101.73709,ชี,ลำน้ำเชิญส่วนที่ 1,ทุ่งพระ,คอนสาร,ชัยภูมิ,R,2020-12-30 11:20:18,-,มูลนิธิอาสาเพื่อนพึ่ง (ภาฯ) ยามยาก,บริษัท ทรู คอร์ปอเรชั่น จำกัด (มหาชน)
MOU100,อุทยานแห่งชาติภูผาเทิบ,16.433313,104.80224,โขงตะวันออกเฉียงเหนือ,ห้วยมุก,นาสีนวน,เมืองมุกดาหาร,มุกดาหาร,R,2020-12-30 11:21:22,-,มูลนิธิอาสาเพื่อนพึ่ง (ภาฯ) ยามยาก,บริษัท ทรู คอร์ปอเรชั่น จำกัด (มหาชน)
MOU101,อุทยานแห่งชาติภูแลนคา,15.997118,101.88819,ชี,ลำน้ำชีส่วนที่ 2/2,ห้วยต้อน,เมืองชัยภูมิ,ชัยภูมิ,R,2020-12-30 11:22:27,-,มูลนิธิอาสาเพื่อนพึ่ง (ภาฯ) ยามยาก,บริษัท ทรู คอร์ปอเรชั่น จำกัด (มหาชน)
MOU102,อุทยานแห่งชาติตาดโตน,15.984405,102.037865,ชี,ลำน้ำชีส่วนที่ 2/2,นาฝาย,เมืองชัยภูมิ,ชัยภูมิ,R,2020-12-30 11:23:27,-,มูลนิธิอาสาเพื่อนพึ่ง (ภาฯ) ยามยาก,บริษัท ทรู คอร์ปอเรชั่น จำกัด (มหาชน)
MOU103,สถานีควบคุมไฟป่าภูสิงห์ภูผาผึ้ง-ภูสระดอกบัว,15.885829,104.73016,มูล,ลำเซบก,หนองมะแซว,เมืองอำนาจเจริญ,อำนาจเจริญ,R,2020-12-30 11:24:22,-,มูลนิธิอาสาเพื่อนพึ่ง (ภาฯ) ยามยาก,บริษัท ทรู คอร์ปอเรชั่น จำกัด (มหาชน)
MOU104,อุทยานแห่งชาติป่าหินงาม,15.632916,101.38916,ชี,ลำคันฉู,บ้านไร่,เทพสถิต,ชัยภูมิ,R,2020-12-30 11:25:21,-,มูลนิธิอาสาเพื่อนพึ่ง (ภาฯ) ยามยาก,บริษัท ทรู คอร์ปอเรชั่น จำกัด (มหาชน)
MOU105,ผาชะนะได (อช.ผาแต้ม),15.62108,105.6168,โขงตะวันออกเฉียงเหนือ,แม่น้ำโขงตอนล่าง,นาโพธิ์กลาง,โขงเจียม,อุบลราชธานี,R,2020-12-30 11:26:43,-,มูลนิธิอาสาเพื่อนพึ่ง (ภาฯ) ยามยาก,บริษัท ทรู คอร์ปอเรชั่น จำกัด (มหาชน)
MOU106,หน่วยพิทักษ์อุทยานแห่งชาติที่ ขญ.๑๗ (กลางดง),14.549555,101.26519,ป่าสัก,ห้วยหมวกเหล็ก,พญาเย็น,ปากช่อง,นครราชสีมา,R,2020-12-30 11:38:32,-,มูลนิธิอาสาเพื่อนพึ่ง (ภาฯ) ยามยาก,บริษัท ทรู คอร์ปอเรชั่น จำกัด (มหาชน)
MOU107,ศูนย์ศึกษาการพัฒนาการอนุรักษ์ต้นน้ำลุ่มน้ำมูลตอนบน,14.467741,101.59084,มูล,ลำพระเพลิง,โป่งตาลอง,ปากช่อง,นครราชสีมา,R,2020-12-30 00:00:00,-,มูลนิธิอาสาเพื่อนพึ่ง (ภาฯ) ยามยาก,บริษัท ทรู คอร์ปอเรชั่น จำกัด (มหาชน)
MOU108,ผามออีแดง (อช.เขาพระวิหาร),14.404393,104.688,มูล,ห้วยขยุงส่วนที่ 1,เสาธงชัย,กันทรลักษ์,ศรีสะเกษ,R,2020-12-30 11:40:34,-,มูลนิธิอาสาเพื่อนพึ่ง (ภาฯ) ยามยาก,บริษัท ทรู คอร์ปอเรชั่น จำกัด (มหาชน)
MOU109,อุทยานแห่งชาติภูจองนายอย,14.4351635,105.255844,มูล,ลำโดมใหญ่,นาจะหลวย,นาจะหลวย,อุบลราชธานี,R,2020-12-30 11:41:34,-,มูลนิธิอาสาเพื่อนพึ่ง (ภาฯ) ยามยาก,บริษัท ทรู คอร์ปอเรชั่น จำกัด (มหาชน)
MOU110,หน่วยจัดการต้นน้ำห้วยสำราญ,14.431585,104.05005,มูล,ห้วยสำราญ,จรัส,บัวเชด,สุรินทร์,R,2020-12-30 11:42:22,-,มูลนิธิอาสาเพื่อนพึ่ง (ภาฯ) ยามยาก,บริษัท ทรู คอร์ปอเรชั่น จำกัด (มหาชน)
MOU111,หน่วยพิทักษ์อุทยานแห่งชาติที่ ขญ.๔ (คลองปลากั้ง),14.356429,101.72591,มูล,ลำพระเพลิง,วังหมี,วังน้ำเขียว,นครราชสีมา,R,2020-12-30 11:43:07,-,มูลนิธิอาสาเพื่อนพึ่ง (ภาฯ) ยามยาก,บริษัท ทรู คอร์ปอเรชั่น จำกัด (มหาชน)
MOU112,หน่วยพิทักษ์อุทยานแห่งชาติที่ ทล.๑๑ (ไทยสามัคคี),14.322967,101.93308,บางปะกง,แม่น้ำหนุมาน,ไทยสามัคคี,วังน้ำเขียว,นครราชสีมา,R,2020-12-30 11:45:01,-,มูลนิธิอาสาเพื่อนพึ่ง (ภาฯ) ยามยาก,บริษัท ทรู คอร์ปอเรชั่น จำกัด (มหาชน)
MOU113,หน่วยพิทักษ์อุทยานแห่งชาติที่ ตย.๕ (บาระแนะ),14.250021,102.97807,มูล,ลำปะเทีย,หนองแวง,ละหานทราย,บุรีรัมย์,R,2020-12-30 11:46:04,-,มูลนิธิอาสาเพื่อนพึ่ง (ภาฯ) ยามยาก,บริษัท ทรู คอร์ปอเรชั่น จำกัด (มหาชน)
MOU114,อุทยานแห่งชาติเขาใหญ่,14.434381,101.37257,มูล,ลำตะคอง,หินตั้ง,เมืองนครนายก,นครนายก,R,2020-12-30 11:46:47,-,มูลนิธิอาสาเพื่อนพึ่ง (ภาฯ) ยามยาก,บริษัท ทรู คอร์ปอเรชั่น จำกัด (มหาชน)
MOU115,หน่วยพิทักษ์อุทยานแห่งชาติที่ ขญ.๑๐ (ประจันตคาม),14.181131,101.59204,บางปะกง,แม่น้ำปราจีนบุรีตอนล่าง,บุฝ้าย,ประจันตคาม,ปราจีนบุรี,R,2020-12-30 11:47:52,-,มูลนิธิอาสาเพื่อนพึ่ง (ภาฯ) ยามยาก,บริษัท ทรู คอร์ปอเรชั่น จำกัด (มหาชน)
MOU116,หน่วยจัดการต้นน้ำเนินหอม,14.174955,101.43888,บางปะกง,แม่น้ำปราจีนบุรีตอนล่าง,เนินหอม,เมืองปราจีนบุรี,ปราจีนบุรี,R,2020-12-30 11:49:13,-,มูลนิธิอาสาเพื่อนพึ่ง (ภาฯ) ยามยาก,บริษัท ทรู คอร์ปอเรชั่น จำกัด (มหาชน)
MOU117,หน่วยพิทักษ์อุทยานแห่งชาติที่ ตย.๑ (ทัพไทย),14.138208,102.88575,โตนเลสาป,โตนเลสาปตอนบน (ลุ่มน้ำสาขา),ทัพไทย,ตาพระยา,สระแก้ว,R,2020-12-30 11:52:01,-,มูลนิธิอาสาเพื่อนพึ่ง (ภาฯ) ยามยาก,บริษัท ทรู คอร์ปอเรชั่น จำกัด (มหาชน)
MOU118,ศูนย์ศึกษาการพัฒนาการอนุรักษ์ต้นน้ำลุ่มน้ำบางปะกง,13.351701,101.99859,บางปะกง,คลองพระสทึง,วังทอง,วังสมบูรณ์,สระแก้ว,R,2020-12-30 00:00:00,-,มูลนิธิอาสาเพื่อนพึ่ง (ภาฯ) ยามยาก,บริษัท ทรู คอร์ปอเรชั่น จำกัด (มหาชน)
MOU119,หน่วยพิทักษ์ป่ามาบลำบิด,13.16463,101.15411,บางปะกง,ที่ราบแม่น้ำบางปะกงส่วนที่ 2,คลองกิ่ว,บ้านบึง,ชลบุรี,R,2020-12-30 11:54:23,-,มูลนิธิอาสาเพื่อนพึ่ง (ภาฯ) ยามยาก,บริษัท ทรู คอร์ปอเรชั่น จำกัด (มหาชน)
MOU120,หน่วยพิทักษ์ป่าเขาช่องลม,13.157216,101.114716,ชายฝั่งทะเลตะวันออก,คลองใหญ่,เขาคันทรง,ศรีราชา,ชลบุรี,R,2020-12-30 11:55:49,-,มูลนิธิอาสาเพื่อนพึ่ง (ภาฯ) ยามยาก,บริษัท ทรู คอร์ปอเรชั่น จำกัด (มหาชน)
MOU121,เขตห้ามล่าสัตว์ป่าเขาชีโอน,12.768084,100.97312,ชายฝั่งทะเลตะวันออก,ชายฝั่งทะเลตะวันออก (ลุ่มน้ำสาขา 1),นาจอมเทียน,สัตหีบ,ชลบุรี,R,2020-12-30 11:56:42,-,มูลนิธิอาสาเพื่อนพึ่ง (ภาฯ) ยามยาก,บริษัท ทรู คอร์ปอเรชั่น จำกัด (มหาชน)
MOU122,หน่วยพิทักษ์อุทยานแห่งชาติที่ พล.๒ (บ้านอ่าง),12.625152,102.19485,ชายฝั่งทะเลตะวันออก,แม่น้ำจันทบุรี,มะขาม,มะขาม,จันทบุรี,R,2020-12-30 11:58:49,-,มูลนิธิอาสาเพื่อนพึ่ง (ภาฯ) ยามยาก,บริษัท ทรู คอร์ปอเรชั่น จำกัด (มหาชน)
MOU123,หน่วยจัดการต้นน้ำซองกาเลีย,15.215669,98.38663,แม่กลอง,แม่น้ำแควน้อยตอนบนส่วนที่ 1,หนองลู,สังขละบุรี,กาญจนบุรี,R,2020-12-30 11:59:50,-,มูลนิธิอาสาเพื่อนพึ่ง (ภาฯ) ยามยาก,บริษัท ทรู คอร์ปอเรชั่น จำกัด (มหาชน)
MOU124,เขตห้ามล่าสัตว์ป่าเขาสมโภชน์,15.181661,101.29397,ป่าสัก,ลำสนธิ,นาโสม,ชัยบาดาล,ลพบุรี,R,2020-12-30 12:00:53,-,มูลนิธิอาสาเพื่อนพึ่ง (ภาฯ) ยามยาก,บริษัท ทรู คอร์ปอเรชั่น จำกัด (มหาชน)
MOU125,หน่วยพิทักษ์ป่าหินเรือ,10.745923,98.94684,ภาคใต้ฝั่งตะวันออกตอนบน,คลองท่าตะเภา ( ลุ่มน้ำสาขา ),รับร่อ,ท่าแซะ,ชุมพร,R,2020-12-30 12:03:23,-,มูลนิธิอาสาเพื่อนพึ่ง (ภาฯ) ยามยาก,บริษัท ทรู คอร์ปอเรชั่น จำกัด (มหาชน)
MOU126,หน่วยจัดการต้นน้ำตาปี,9.162992,98.88695,ภาคใต้ฝั่งตะวันออกตอนบน,คลองพุมดวงตอนล่าง,ตะกุกใต้,วิภาวดี,สุราษฎร์ธานี,R,2020-12-30 12:04:30,-,มูลนิธิอาสาเพื่อนพึ่ง (ภาฯ) ยามยาก,บริษัท ทรู คอร์ปอเรชั่น จำกัด (มหาชน)
MOU127,เขตรักษาพันธุ์สัตว์ป่าน้ำตกสองแพรก,8.612496,98.54957,ภาคใต้ฝั่งตะวันตก,ภาคใต้ฝั่งตะวันตกส่วนที่ 2,สองแพรก,เมืองพังงา,พังงา,R,2020-12-30 12:06:03,-,มูลนิธิอาสาเพื่อนพึ่ง (ภาฯ) ยามยาก,บริษัท ทรู คอร์ปอเรชั่น จำกัด (มหาชน)
MOU128,สถานีวิจัยต้นน้ำตาปี,8.594121,99.55759,ภาคใต้ฝั่งตะวันออกตอนบน,แม่น้ำตาปีตอนบนส่วนที่ 1,กะทูน,พิปูน,นครศรีธรรมราช,R,2020-12-30 12:06:54,-,มูลนิธิอาสาเพื่อนพึ่ง (ภาฯ) ยามยาก,บริษัท ทรู คอร์ปอเรชั่น จำกัด (มหาชน)
MOU129,สถานีวิจัยต้นน้ำคีรีวง,8.432166,99.7688,ภาคใต้ฝั่งตะวันออกตอนบน,ภาคใต้ฝั่งตะวันออกส่วนที่ 4,กำโลน,ลานสกา,นครศรีธรรมราช,R,2020-12-30 13:24:44,-,มูลนิธิอาสาเพื่อนพึ่ง (ภาฯ) ยามยาก,บริษัท ทรู คอร์ปอเรชั่น จำกัด (มหาชน)
MOU130,หน่วยพิทักษ์อุทยานแห่งชาติที่ ขป.๔ (บ้านน้ำตก),7.9633784,99.76108,ภาคใต้ฝั่งตะวันออกตอนบน,ภาคใต้ฝั่งตะวันออกส่วนที่ 4,น้ำตก,ทุ่งสง,นครศรีธรรมราช,R,2020-12-30 13:25:43,-,มูลนิธิอาสาเพื่อนพึ่ง (ภาฯ) ยามยาก,บริษัท ทรู คอร์ปอเรชั่น จำกัด (มหาชน)
MOU131,หน่วยพิทักษ์ป่าควนนางเหวน,7.8844504,100.06674,ทะเลสาบสงขลา,ทะเลน้อย,ขอนหาด,ชะอวด,นครศรีธรรมราช,R,2020-12-30 13:26:52,-,มูลนิธิอาสาเพื่อนพึ่ง (ภาฯ) ยามยาก,บริษัท ทรู คอร์ปอเรชั่น จำกัด (มหาชน)
MOU132,หน่วยพิทักษ์อุทยานแห่งชาติที ขป.๘ (น้ำตกหนานปลิว),7.8546777,99.80874,ทะเลสาบสงขลา,ทะเลน้อย,ลานข่อย,ป่าพะยอม,พัทลุง,R,2020-12-30 13:27:57,-,มูลนิธิอาสาเพื่อนพึ่ง (ภาฯ) ยามยาก,บริษัท ทรู คอร์ปอเรชั่น จำกัด (มหาชน)
MOU133,สถานีควบคุมไฟป่าพัทลุง,7.758506,99.817474,ทะเลสาบสงขลา,ทะเลน้อย,เกาะเต่า,ป่าพะยอม,พัทลุง,R,2020-12-30 13:31:50,-,มูลนิธิอาสาเพื่อนพึ่ง (ภาฯ) ยามยาก,บริษัท ทรู คอร์ปอเรชั่น จำกัด (มหาชน)
MOU134,หน่วยพิทักษ์อุทยานแห่งชาติที่ ขป.๙  (น้ำตกเขาคราม),7.515903,99.878586,ทะเลสาบสงขลา,ทะเลหลวง,บ้านนา,ศรีนครินทร์,พัทลุง,R,2020-12-30 13:34:54,-,มูลนิธิอาสาเพื่อนพึ่ง (ภาฯ) ยามยาก,บริษัท ทรู คอร์ปอเรชั่น จำกัด (มหาชน)
MOU135,หน่วยพิทักษ์ป่าอ่าวท่ายาง,7.420253,100.33268,ทะเลสาบสงขลา,ทะเลหลวง,เกาะหมาก,ปากพะยูน,พัทลุง,R,2020-12-30 13:35:46,-,มูลนิธิอาสาเพื่อนพึ่ง (ภาฯ) ยามยาก,บริษัท ทรู คอร์ปอเรชั่น จำกัด (มหาชน)
MOU136,หน่วยจัดการต้นน้ำคลองป่าพรุพ้อ,7.1621695,100.08449,ทะเลสาบสงขลา,ทะเลหลวง,ทุ่งนารี,ป่าบอน,พัทลุง,R,2020-12-30 13:36:38,-,มูลนิธิอาสาเพื่อนพึ่ง (ภาฯ) ยามยาก,บริษัท ทรู คอร์ปอเรชั่น จำกัด (มหาชน)
MOU137,ที่ทำการอุทยานแห่งชาติทะเลบัน,6.708994,100.16906,ภาคใต้ฝั่งตะวันตก,คลองบำบัง,วังประจัน,ควนโดน,สตูล,R,2020-12-30 13:37:35,-,มูลนิธิอาสาเพื่อนพึ่ง (ภาฯ) ยามยาก,บริษัท ทรู คอร์ปอเรชั่น จำกัด (มหาชน)
MOU138,ที่ทำการอุทยานแห่งชาติเขาน้ำค้าง,6.600056,100.58906,ทะเลสาบสงขลา,ทะเลสาบสงขลา ( ลุ่มน้ำสาขา ),คลองกวาง,นาทวี,สงขลา,R,2020-12-30 00:00:00,-,มูลนิธิอาสาเพื่อนพึ่ง (ภาฯ) ยามยาก,บริษัท ทรู คอร์ปอเรชั่น จำกัด (มหาชน)
MOU139,หน่วยพิทักษ์อุทยานฯ ที่ บล.๒ (น้ำตกฮาลาซะห์),6.0583444,101.40899,ภาคใต้ฝั่งตะวันออกตอนล่าง,แม่น้ำปัตตานีตอนบน,แม่หวาด,ธารโต,ยะลา,R,2020-12-30 13:40:40,-,มูลนิธิอาสาเพื่อนพึ่ง (ภาฯ) ยามยาก,บริษัท ทรู คอร์ปอเรชั่น จำกัด (มหาชน)
MOU140,หน่วยพิทักษ์อุทยานฯ ที่ บล.๔ (น้ำตกละอองรุ้ง),5.9976163,101.186714,ภาคใต้ฝั่งตะวันออกตอนล่าง,แม่น้ำปัตตานีตอนบน,แม่หวาด,ธารโต,ยะลา,R,2020-12-30 13:42:48,-,มูลนิธิอาสาเพื่อนพึ่ง (ภาฯ) ยามยาก,บริษัท ทรู คอร์ปอเรชั่น จำกัด (มหาชน)
MOU141,ที่ทำการอุทยานแห่งชาติน้ำตกซีโป,6.2716146,101.64063,ภาคใต้ฝั่งตะวันออกตอนล่าง,แม่น้ำบางนรา,เฉลิม,ระแงะ,นราธิวาส,R,2020-12-30 13:43:47,-,มูลนิธิอาสาเพื่อนพึ่ง (ภาฯ) ยามยาก,บริษัท ทรู คอร์ปอเรชั่น จำกัด (มหาชน)
MOU142,เขตรักษาพันธุ์สัตว์ป่าฮาลา-บาลา,5.8074923,101.845184,ภาคใต้ฝั่งตะวันออกตอนล่าง,แม่น้ำโกลก,โละจูด,แว้ง,นราธิวาส,R,2020-12-30 13:44:37,-,มูลนิธิอาสาเพื่อนพึ่ง (ภาฯ) ยามยาก,บริษัท ทรู คอร์ปอเรชั่น จำกัด (มหาชน)
MOU171,สะพานแม่น้ำงาว,20.030525,100.48953,โขงเหนือ,แม่น้ำโขงส่วนที่ 2,ท่าข้าม,เวียงแก่น,เชียงราย,W,2023-10-31 00:00:00,-,มูลนิธิอาสาเพื่อนพึ่ง (ภาฯ) ยามยาก,บริษัท เวิร์คพอยท์ เอ็นเทอร์เทนเมนท์ จำกัด (มหาชน)
MOU174,หน่วยจัดการต้นน้ำดอยผาหม่น,19.470375,100.48699,โขงเหนือ,แม่ลาว,ร่มเย็น,เชียงคำ,พะเยา,R,2023-10-31 10:56:31,-,มูลนิธิอาสาเพื่อนพึ่ง (ภาฯ) ยามยาก,มูลนิธิอาสาเพื่อนพึ่ง (ภาฯ) ยามยาก สภากาชาดไทย
MOU175,หน่วยจัดการต้นน้ำภูซาง,19.66635,100.37705,โขงเหนือ,แม่ลาว,ภูซาง,ภูซาง,พะเยา,R,2023-10-31 10:56:31,-,มูลนิธิอาสาเพื่อนพึ่ง (ภาฯ) ยามยาก,มูลนิธิอาสาเพื่อนพึ่ง (ภาฯ) ยามยาก สภากาชาดไทย
MOU176,หน่วยจัดการต้นน้ำหงาว-งาว,19.85607,100.45244,โขงเหนือ,แม่น้ำโขงส่วนที่ 2,ปอ,เวียงแก่น,เชียงราย,R,2023-10-31 10:56:31,-,มูลนิธิอาสาเพื่อนพึ่ง (ภาฯ) ยามยาก,มูลนิธิอาสาเพื่อนพึ่ง (ภาฯ) ยามยาก สภากาชาดไทย
MOU180,หน่วยจัดการต้นน้ำดอยปางหนุน,20.36006,99.49888,โขงเหนือ,น้ำแม่จัน,เทอดไทย,แม่ฟ้าหลวง,เชียงราย,R,2023-10-31 10:56:31,-,มูลนิธิอาสาเพื่อนพึ่ง (ภาฯ) ยามยาก,มูลนิธิอาสาเพื่อนพึ่ง (ภาฯ) ยามยาก สภากาชาดไทย
MOU189,ที่ทำการอุทยานแห่งชาติถ้ำหลวง - ขุนน้ำนางนอน,20.38133,99.86719,โขงเหนือ,แม่น้ำโขงตอนบนส่วนที่ 1,โป่งผา,แม่สาย,เชียงราย,R,2023-10-31 00:00:00,-,มูลนิธิอาสาเพื่อนพึ่ง (ภาฯ) ยามยาก,มูลนิธิจรูญเอื้อชูเกียรติ 
MOU190,หน่วยพิทักษ์อุทยานแห่งชาติที่ มป. ๓ (ห้วยหลวง),19.51145,99.9326,โขงเหนือ,แม่น้ำอิงตอนกลางส่วนที่ 1,โรงช้าง,ป่าแดด,เชียงราย,R,2023-10-31 00:00:00,-,มูลนิธิอาสาเพื่อนพึ่ง (ภาฯ) ยามยาก,บริษัท เวิร์คพอยท์ เอ็นเทอร์เทนเมนท์ จำกัด (มหาชน)
MOU191,หน่วยพิทักษ์อุทยานแห่งชาติที่ มป. ๒ (ห้วยพญาเก๊า),19.803038,99.87328,โขงเหนือ,น้ำแม่กกตอนล่างส่วนที่ 3,ห้วยสัก,เมืองเชียงราย,เชียงราย,R,2023-10-31 10:56:31,-,มูลนิธิอาสาเพื่อนพึ่ง (ภาฯ) ยามยาก,มูลนิธิอาสาเพื่อนพึ่ง (ภาฯ) ยามยาก สภากาชาดไทย
MOU192,ที่ทำการอุทยานแห่งชาติแม่ปืม,19.351326,99.86921,null,null,แม่ปืม,เมืองพะเยา,พะเยา,R,2024-11-22 16:57:15,-,มูลนิธิอาสาเพื่อนพึ่ง (ภาฯ) ยามยาก,สำนักงานพัฒนาการวิจัยการเกษตร (องค์การมหาชน)
MOU195,หน่วยพิทักษ์อุทยานแห่งชาติที่ ดล.6 (จำปาทอง) ,19.217377,99.73813,null,null,บ้านต๊ำ,เมืองพะเยา,พะเยา,R,2024-11-23 13:50:59,-,มูลนิธิอาสาเพื่อนพึ่ง (ภาฯ) ยามยาก,สำนักงานพัฒนาการวิจัยการเกษตร (องค์การมหาชน)
MOU196,หน่วยพิทักษ์อุทยานแห่งชาติที่ ดล. ๔ (สันกลาง),19.63342,99.65183,โขงเหนือ,แม่น้ำพุง,สันกลาง,พาน,เชียงราย,R,2023-10-31 10:56:31,-,มูลนิธิอาสาเพื่อนพึ่ง (ภาฯ) ยามยาก,มูลนิธิอาสาเพื่อนพึ่ง (ภาฯ) ยามยาก สภากาชาดไทย
MOU198,ที่ทำการอุทยานแห่งชาติดอยหลวง,19.44382,99.70315,โขงเหนือ,แม่น้ำพุง,แม่เย็น,พาน,เชียงราย,R,2023-10-31 00:00:00,-,มูลนิธิอาสาเพื่อนพึ่ง (ภาฯ) ยามยาก,บริษัท เวิร์คพอยท์ เอ็นเทอร์เทนเมนท์ จำกัด (มหาชน)
MOU199,หน่วยป้องกันรักษาป่าที่ ชร. ๑๑  (เชียงแสน),20.22901,100.40383,โขงเหนือ,แม่น้ำอิงตอนล่าง,เวียง,เชียงของ,เชียงราย,R,2023-10-31 10:56:31,-,มูลนิธิอาสาเพื่อนพึ่ง (ภาฯ) ยามยาก,มูลนิธิอาสาเพื่อนพึ่ง (ภาฯ) ยามยาก สภากาชาดไทย
MOU202,ที่ทำการเขตห้ามล่าสัตว์ป่าหนองบงคาย,20.261286,100.046104,โขงเหนือ,น้ำแม่กกตอนล่างส่วนที่ 3,โยนก,เชียงแสน,เชียงราย,R,2023-10-31 10:56:31,-,มูลนิธิอาสาเพื่อนพึ่ง (ภาฯ) ยามยาก,มูลนิธิอาสาเพื่อนพึ่ง (ภาฯ) ยามยาก สภากาชาดไทย
MOU204,หน่วยจัดการต้นน้ำน้ำก่ำ,16.8692,104.528,โขงตะวันออกเฉียงเหนือ,ห้วยน้ำก่ำ,พิมาน,นาแก,นครพนม,R,2023-10-31 10:56:31,-,มูลนิธิอาสาเพื่อนพึ่ง (ภาฯ) ยามยาก,มูลนิธิอาสาเพื่อนพึ่ง (ภาฯ) ยามยาก สภากาชาดไทย
MOU211,หน่วยจัดการต้นน้ำห้วยหินสอ,17.3048,101.4,โขงตะวันออกเฉียงเหนือ,น้ำสาน,ปลาบ่า,ภูเรือ,เลย,R,2023-10-31 10:56:31,-,มูลนิธิอาสาเพื่อนพึ่ง (ภาฯ) ยามยาก,มูลนิธิอาสาเพื่อนพึ่ง (ภาฯ) ยามยาก สภากาชาดไทย
MOU212,ที่ทำการอุทยานแห่งชาติภูสวยทราย,17.503416,100.93903,โขงตะวันออกเฉียงเหนือ,แม่น้ำโขงส่วนที่ 3,แสงภา,นาแห้ว,เลย,R,2023-10-31 10:56:31,-,มูลนิธิอาสาเพื่อนพึ่ง (ภาฯ) ยามยาก,มูลนิธิอาสาเพื่อนพึ่ง (ภาฯ) ยามยาก สภากาชาดไทย
MOU219,หน่วยพิทักษ์อุทยานแห่งชาติที่ ขป. ๗ (น้ำตกควนประ),7.67767,99.77244,ภาคใต้ฝั่งตะวันตก,แม่น้ำตรัง,ปากแจ่ม,ห้วยยอด,ตรัง,R,2023-10-31 10:56:31,-,มูลนิธิอาสาเพื่อนพึ่ง (ภาฯ) ยามยาก,มูลนิธิอาสาเพื่อนพึ่ง (ภาฯ) ยามยาก สภากาชาดไทย
MOU231,หน่วยจัดการต้นน้ำลำชี,16.8463,103.779,ชี,ลำปาวตอนล่าง,มหาไชย,สมเด็จ,กาฬสินธุ์,R,2023-10-31 10:56:31,-,มูลนิธิอาสาเพื่อนพึ่ง (ภาฯ) ยามยาก,มูลนิธิอาสาเพื่อนพึ่ง (ภาฯ) ยามยาก สภากาชาดไทย
MOU232,หน่วยจัดการต้นน้ำหลังสัน,15.9385,101.521,ชี,ลำกระจวน,วังตะเฆ่,หนองบัวระเหว,ชัยภูมิ,R,2023-10-31 10:56:31,-,มูลนิธิอาสาเพื่อนพึ่ง (ภาฯ) ยามยาก,มูลนิธิอาสาเพื่อนพึ่ง (ภาฯ) ยามยาก สภากาชาดไทย
MOU233,หน่วยจัดการต้นน้ำทุ่งลุยลาย,16.4997,101.673,ชี,น้ำพรหม,ทุ่งลุยลาย,คอนสาร,ชัยภูมิ,R,2023-10-31 10:56:31,-,มูลนิธิอาสาเพื่อนพึ่ง (ภาฯ) ยามยาก,มูลนิธิอาสาเพื่อนพึ่ง (ภาฯ) ยามยาก สภากาชาดไทย
MOU244,สะพานน้ำห้วยสำราญ,15.10227,104.28878,มูล,ห้วยสำราญ,ไพรพัฒนา,ภูสิงห์,ศรีสะเกษ,W,2023-10-31 10:56:31,-,มูลนิธิอาสาเพื่อนพึ่ง (ภาฯ) ยามยาก,มูลนิธิอาสาเพื่อนพึ่ง (ภาฯ) ยามยาก สภากาชาดไทย
MOU251,สถานีควบคุมไฟป่าห้วยศาลา,14.5013,104.276,มูล,ห้วยทา,กันทรอม,ขุนหาญ,ศรีสะเกษ,R,2023-10-31 10:56:31,-,มูลนิธิอาสาเพื่อนพึ่ง (ภาฯ) ยามยาก,มูลนิธิอาสาเพื่อนพึ่ง (ภาฯ) ยามยาก สภากาชาดไทย
MOU252,หน่วยจัดการต้นน้ำห้วยเสียดจะเอิง,14.4554,103.915,มูล,ห้วยสำราญ,อาโพน,บัวเชด,สุรินทร์,R,2023-10-31 10:56:31,-,มูลนิธิอาสาเพื่อนพึ่ง (ภาฯ) ยามยาก,มูลนิธิอาสาเพื่อนพึ่ง (ภาฯ) ยามยาก สภากาชาดไทย
MOU256,หน่วยพิทักษ์อุทยานแห่งชาติที่ ทล. ๓ (ลำแปรง),14.2047,102.211,มูล,ลำแซะ,ลำเพียก,ครบุรี,นครราชสีมา,R,2023-10-31 00:00:00,-,มูลนิธิอาสาเพื่อนพึ่ง (ภาฯ) ยามยาก,มูลนิธิอาสาเพื่อนพึ่ง (ภาฯ) ยามยาก สภากาชาดไทย
MOU267,หน่วยศึกษาการพัฒนาการอนุรักษ์ต้นน้ำน้ำเงิน,19.36386,100.37124,ยม,แม่น้ำยมตอนบนส่วนที่ 1,ผาช้างน้อย,ปง,พะเยา,R,2023-10-31 00:00:00,-,มูลนิธิอาสาเพื่อนพึ่ง (ภาฯ) ยามยาก,มูลนิธิอาสาเพื่อนพึ่ง (ภาฯ) ยามยาก สภากาชาดไทย
MOU277,หน่วยจัดการต้นน้ำแม่แตะ,17.7042,98.8346,ปิง,แม่น้ำปิงส่วนที่ 3/3,แม่ลาน,ลี้,ลำพูน,R,2023-10-31 10:56:32,-,มูลนิธิอาสาเพื่อนพึ่ง (ภาฯ) ยามยาก,มูลนิธิอาสาเพื่อนพึ่ง (ภาฯ) ยามยาก สภากาชาดไทย
MOU278,หน่วยจัดการต้นน้ำแม่ตื่น,17.564566,98.50196,ปิง,น้ำแม่ตื่น,ม่อนจอง,อมก๋อย,เชียงใหม่,R,2023-10-31 00:00:00,-,มูลนิธิอาสาเพื่อนพึ่ง (ภาฯ) ยามยาก,มูลนิธิอาสาเพื่อนพึ่ง (ภาฯ) ยามยาก สภากาชาดไทย
MOU280,หน่วยจัดการต้นน้ำแม่ต๋อม,17.9289,98.3142,ปิง,น้ำแม่ตื่น,อมก๋อย,อมก๋อย,เชียงใหม่,R,2023-10-31 10:56:32,-,มูลนิธิอาสาเพื่อนพึ่ง (ภาฯ) ยามยาก,มูลนิธิอาสาเพื่อนพึ่ง (ภาฯ) ยามยาก สภากาชาดไทย
MOU288,หน่วยศึกษาการพัฒนาการอนุรักษ์ต้นน้ำน้ำพี้,18.9413,100.45989,ยม,น้ำปี้,บ้านพี้,บ้านหลวง,น่าน,R,2023-12-22 00:00:00,-,มูลนิธิอาสาเพื่อนพึ่ง (ภาฯ) ยามยาก,มูลนิธิอาสาเพื่อนพึ่ง (ภาฯ) ยามยาก สภากาชาดไทย
MOU295,ที่ทำการอุทยานแห่งชาติลานสาง,16.7827,99.016,ปิง,ห้วยแม่ท้อ,แม่ท้อ,เมืองตาก,ตาก,R,2023-10-31 10:56:32,-,มูลนิธิอาสาเพื่อนพึ่ง (ภาฯ) ยามยาก,มูลนิธิอาสาเพื่อนพึ่ง (ภาฯ) ยามยาก สภากาชาดไทย
MOU296,ที่ทำการอุทยานแห่งชาติดอยสอยมาลัย-ไม้กลายเป็นหิน,17.0679,99.0857,ปิง,แม่น้ำปิงส่วนที่ 4/2,ตากออก,บ้านตาก,ตาก,R,2023-10-31 00:00:00,-,มูลนิธิอาสาเพื่อนพึ่ง (ภาฯ) ยามยาก,มูลนิธิอาสาเพื่อนพึ่ง (ภาฯ) ยามยาก สภากาชาดไทย
MOU298,สะพานน้ำแม่ต๋อม,17.7999,98.364,ปิง,น้ำแม่ตื่น,อมก๋อย,อมก๋อย,เชียงใหม่,W,2023-10-31 10:56:32,-,มูลนิธิอาสาเพื่อนพึ่ง (ภาฯ) ยามยาก,มูลนิธิอาสาเพื่อนพึ่ง (ภาฯ) ยามยาก สภากาชาดไทย
MOU299,สะพานน้ำแม่แจ่ม,18.2321,98.4397,ปิง,น้ำแม่แจ่มตอนล่าง,บ้านแปะ,จอมทอง,เชียงใหม่,W,2023-10-31 00:00:00,-,มูลนิธิอาสาเพื่อนพึ่ง (ภาฯ) ยามยาก,บริษัท บูทิค คอร์ปอเนชั่น จำกัด (มหาชน)
MOU304,ที่ทำการอุทยานแห่งชาติแม่วงก์,16.0392,99.2334,ปิง,แม่น้ำปิงตอนล่าง,ปางตาไว,ปางศิลาทอง,กำแพงเพชร,R,2023-10-31 10:56:32,-,มูลนิธิอาสาเพื่อนพึ่ง (ภาฯ) ยามยาก,มูลนิธิอาสาเพื่อนพึ่ง (ภาฯ) ยามยาก สภากาชาดไทย
MOU305,ที่ทำการอุทยานแห่งชาติตากสินมหาราช,16.7759,98.9282,ปิง,ห้วยแม่ท้อ,แม่ท้อ,เมืองตาก,ตาก,R,2023-10-31 00:00:00,-,มูลนิธิอาสาเพื่อนพึ่ง (ภาฯ) ยามยาก,มูลนิธิอาสาเพื่อนพึ่ง (ภาฯ) ยามยาก สภากาชาดไทย
MOU320,ที่ทำการเขตห้ามล่าสัตว์ป่าดอยพระบาท,18.6103,99.5049,วัง,น้ำแม่ตุ๋ย,ทุ่งกว๋าว,เมืองปาน,ลำปาง,R,2023-10-31 10:56:32,-,มูลนิธิอาสาเพื่อนพึ่ง (ภาฯ) ยามยาก,มูลนิธิอาสาเพื่อนพึ่ง (ภาฯ) ยามยาก สภากาชาดไทย
MOU321,สถานีวิจัยต้นน้ำวัง,17.7567,99.1794,วัง,แม่น้ำวังตอนล่างส่วนที่ 2,แม่ถอด,เถิน,ลำปาง,R,2023-10-31 10:56:32,-,มูลนิธิอาสาเพื่อนพึ่ง (ภาฯ) ยามยาก,มูลนิธิอาสาเพื่อนพึ่ง (ภาฯ) ยามยาก สภากาชาดไทย
MOU323,สะพานน้ำวัง,19.232454,99.63247,วัง,แม่น้ำวังตอนบน,ทุ่งฮั้ว,วังเหนือ,ลำปาง,W,2023-10-31 10:56:32,-,มูลนิธิอาสาเพื่อนพึ่ง (ภาฯ) ยามยาก,มูลนิธิอาสาเพื่อนพึ่ง (ภาฯ) ยามยาก สภากาชาดไทย
MOU327,หน่วยจัดการต้นน้ำขุนสอย,18.997137,99.51786,วัง,แม่น้ำสวย,หัวเมือง,เมืองปาน,ลำปาง,R,2023-10-31 00:00:00,-,มูลนิธิอาสาเพื่อนพึ่ง (ภาฯ) ยามยาก,มูลนิธิอาสาเพื่อนพึ่ง (ภาฯ) ยามยาก สภากาชาดไทย
MOU329,หน่วยจัดการต้นน้ำแม่จาง,18.3817,99.8242,วัง,น้ำแม่จาง,นาสัก,แม่เมาะ,ลำปาง,R,2023-10-31 10:56:32,-,มูลนิธิอาสาเพื่อนพึ่ง (ภาฯ) ยามยาก,มูลนิธิอาสาเพื่อนพึ่ง (ภาฯ) ยามยาก สภากาชาดไทย
MOU330,หน่วยจัดการต้นน้ำแม่แจ้ฟ้า,18.8129,99.7737,วัง,แม่น้ำวังตอนบน,ปงดอน,แจ้ห่ม,ลำปาง,R,2023-10-31 10:56:32,-,มูลนิธิอาสาเพื่อนพึ่ง (ภาฯ) ยามยาก,มูลนิธิอาสาเพื่อนพึ่ง (ภาฯ) ยามยาก สภากาชาดไทย
MOU338,ศูนย์เรียนรู้ด้านสัตว์ป่า เขตรักษาพันธุ์สัตว์ป่าลำน้ำน่านฝั่งขวา,18.0662,100.2229,null,null,ช่อแฮ,เมืองแพร่,แพร่,R,2024-11-21 15:18:25,-,มูลนิธิอาสาเพื่อนพึ่ง (ภาฯ) ยามยาก,สำนักงานพัฒนาการวิจัยการเกษตร (องค์การมหาชน)
MOU339,หน่วยจัดการต้นน้ำแม่ก๋อน-แม่สาย,17.9958,100.2656,null,null,ช่อแฮ,เมืองแพร่,แพร่,R,2024-11-26 15:30:45,-,มูลนิธิอาสาเพื่อนพึ่ง (ภาฯ) ยามยาก,สำนักงานพัฒนาการวิจัยการเกษตร (องค์การมหาชน)
MOU340,หน่วยจัดการต้นน้ำแม่พวก,17.9085,100.111,null,null,ห้วยไร่,เด่นชัย,แพร่,R,2024-11-20 07:44:41,-,มูลนิธิอาสาเพื่อนพึ่ง (ภาฯ) ยามยาก,สำนักงานพัฒนาการวิจัยการเกษตร (องค์การมหาชน)
MOU341,สะพานน้ำแม่ถาง,18.2166,100.3885,null,null,บ้านเวียง,ร้องกวาง,แพร่,W,2024-11-19 16:40:22,-,มูลนิธิอาสาเพื่อนพึ่ง (ภาฯ) ยามยาก,สำนักงานพัฒนาการวิจัยการเกษตร (องค์การมหาชน)
MOU343,สวนรุกขชาติห้วยโรง,18.44196,100.45031,ยม,น้ำแม่คำมี,ห้วยโรง,ร้องกวาง,แพร่,R,2023-10-31 10:56:32,-,มูลนิธิอาสาเพื่อนพึ่ง (ภาฯ) ยามยาก,มูลนิธิอาสาเพื่อนพึ่ง (ภาฯ) ยามยาก สภากาชาดไทย
MOU344,วนอุทยานแพะเมืองผี,18.1841,100.21,null,null,น้ำชำ,เมืองแพร่,แพร่,R,2024-11-21 00:00:00,-,มูลนิธิอาสาเพื่อนพึ่ง (ภาฯ) ยามยาก,สำนักงานพัฒนาการวิจัยการเกษตร (องค์การมหาชน)
MOU347,ที่ทำการอุทยานแห่งชาติแม่ยม,18.6259,100.1636,null,null,สะเอียบ,สอง,แพร่,R,2024-11-21 15:30:00,-,มูลนิธิอาสาเพื่อนพึ่ง (ภาฯ) ยามยาก,สำนักงานพัฒนาการวิจัยการเกษตร (องค์การมหาชน)
MOU349,หน่วยศึกษาการพัฒนาการอนุรักษ์ต้นน้ำแม่สรอย,17.8275,99.4638,null,null,ป่าสัก,วังชิ้น,แพร่,R,2024-11-19 09:04:20,-,มูลนิธิอาสาเพื่อนพึ่ง (ภาฯ) ยามยาก,สำนักงานพัฒนาการวิจัยการเกษตร (องค์การมหาชน)
MOU350,สถานีวิจัยต้นน้ำยม,18.2346,100.3548,null,null,บ้านเวียง,ร้องกวาง,แพร่,R,2024-11-20 13:03:33,-,มูลนิธิอาสาเพื่อนพึ่ง (ภาฯ) ยามยาก,สำนักงานพัฒนาการวิจัยการเกษตร (องค์การมหาชน)
MOU351,สะพานผาอิง ,18.7548,100.2227,null,null,สะเอียบ,สอง,แพร่,W,2024-11-24 12:22:23,-,มูลนิธิอาสาเพื่อนพึ่ง (ภาฯ) ยามยาก,สำนักงานพัฒนาการวิจัยการเกษตร (องค์การมหาชน)
MOU352,สะพานน้ำงิม,19.321688,100.45613,ยม,น้ำแม่ต้า,ผาช้างน้อย,ปง,พะเยา,W,2023-10-31 00:00:00,-,มูลนิธิอาสาเพื่อนพึ่ง (ภาฯ) ยามยาก,มูลนิธิอาสาเพื่อนพึ่ง (ภาฯ) ยามยาก สภากาชาดไทย
MOU353,สะพานน้ำเงิน,19.228954,100.32621,ยม,แม่น้ำยมตอนบนส่วนที่ 1,ออย,ปง,พะเยา,W,2023-10-31 00:00:00,-,มูลนิธิอาสาเพื่อนพึ่ง (ภาฯ) ยามยาก,มูลนิธิอาสาเพื่อนพึ่ง (ภาฯ) ยามยาก สภากาชาดไทย
MOU357,หน่วยศึกษาการพัฒนาการอนุรักษ์ต้นนํ้าแม่จั๊วะ,19.01259,100.17051,ยม,แม่น้ำยมตอนกลางส่วนที่ 1,สระ,เชียงม่วน,พะเยา,R,2023-10-31 00:00:00,-,มูลนิธิอาสาเพื่อนพึ่ง (ภาฯ) ยามยาก,มูลนิธิอาสาเพื่อนพึ่ง (ภาฯ) ยามยาก สภากาชาดไทย
MOU366,หน่วยพิทักษ์อุทยานแห่งชาติดอยภูนาง ภน.5 (ห้วยฮุง) ,19.04659,100.08667,null,null,หนองหล่ม,ดอกคำใต้,พะเยา,R,2024-11-20 00:00:00,-,มูลนิธิอาสาเพื่อนพึ่ง (ภาฯ) ยามยาก,สำนักงานพัฒนาการวิจัยการเกษตร (องค์การมหาชน)
MOU369,หน่วยศึกษาการพัฒนาการอนุรักษ์ต้นน้ำดอยผาจิ,19.0905,100.4088,null,null,ขุนควร,ปง,พะเยา,R,2024-11-23 15:32:58,-,มูลนิธิอาสาเพื่อนพึ่ง (ภาฯ) ยามยาก,สำนักงานพัฒนาการวิจัยการเกษตร (องค์การมหาชน)
MOU371,สะพานบ้านขุนควร บ้านสบขาม,19.150358,100.38981,null,null,ขุนควร,ปง,พะเยา,W,2024-11-24 07:29:05,-,มูลนิธิอาสาเพื่อนพึ่ง (ภาฯ) ยามยาก,สำนักงานพัฒนาการวิจัยการเกษตร (องค์การมหาชน)
MOU372,หน่วยศึกษาการพัฒนาการอนุรักษ์ต้นน้ำน้ำคาง (ดอยกาด),19.1549,100.6244,null,null,ผาช้างน้อย,ปง,พะเยา,R,2024-11-22 15:30:00,-,มูลนิธิอาสาเพื่อนพึ่ง (ภาฯ) ยามยาก,สำนักงานพัฒนาการวิจัยการเกษตร (องค์การมหาชน)
MOU383,สะพานคลองตรอน,17.4635,100.237,น่าน,คลองตรอน,น้ำอ่าง,ตรอน,อุตรดิตถ์,W,2023-10-31 10:56:32,-,มูลนิธิอาสาเพื่อนพึ่ง (ภาฯ) ยามยาก,มูลนิธิอาสาเพื่อนพึ่ง (ภาฯ) ยามยาก สภากาชาดไทย
MOU385,สะพานคลองท่าสะแก,17.253136,100.62823,น่าน,น้ำภาค,ท่าสะแก,ชาติตระการ,พิษณุโลก,W,2023-10-31 10:56:32,-,มูลนิธิอาสาเพื่อนพึ่ง (ภาฯ) ยามยาก,มูลนิธิอาสาเพื่อนพึ่ง (ภาฯ) ยามยาก สภากาชาดไทย
MOU387,หน่วยจัดการต้นน้ำห้วยผึ้ง,17.7877,100.66,น่าน,น้ำปาด,แสนตอ,น้ำปาด,อุตรดิตถ์,R,2023-10-31 00:00:00,-,มูลนิธิอาสาเพื่อนพึ่ง (ภาฯ) ยามยาก,มูลนิธิอาสาเพื่อนพึ่ง (ภาฯ) ยามยาก สภากาชาดไทย
MOU388,หน่วยป้องกันรักษาป่าที่ พล. ๑๑ (น้ำเลา),17.2065,101.02,น่าน,แม่น้ำแควน้อยส่วนที่ 1,บ่อโพธิ์,นครไทย,พิษณุโลก,R,2023-10-31 10:56:32,-,มูลนิธิอาสาเพื่อนพึ่ง (ภาฯ) ยามยาก,มูลนิธิอาสาเพื่อนพึ่ง (ภาฯ) ยามยาก สภากาชาดไทย
MOU390,หน่วยจัดการต้นน้ำขุนน้ำปาด,18.079514,101.14364,น่าน,น้ำปาด,ม่วงเจ็ดต้น,บ้านโคก,อุตรดิตถ์,R,2023-10-31 10:56:32,-,มูลนิธิอาสาเพื่อนพึ่ง (ภาฯ) ยามยาก,มูลนิธิอาสาเพื่อนพึ่ง (ภาฯ) ยามยาก สภากาชาดไทย
MOU394,ที่ทำการอุทยานแห่งชาติภูสอยดาว,17.6966,100.947,น่าน,น้ำภาค,บ่อภาค,ชาติตระการ,พิษณุโลก,R,2023-10-31 10:56:32,-,มูลนิธิอาสาเพื่อนพึ่ง (ภาฯ) ยามยาก,สมาคมแม่บ้านตำรวจ
MOU395,ที่ทำการอุทยานแห่งชาติแก่งเจ็ดแคว,17.1766,100.396,น่าน,แม่น้ำแควน้อยส่วนที่ 2,บ้านยาง,วัดโบสถ์,พิษณุโลก,R,2023-10-31 10:56:32,-,มูลนิธิอาสาเพื่อนพึ่ง (ภาฯ) ยามยาก,มูลนิธิอาสาเพื่อนพึ่ง (ภาฯ) ยามยาก สภากาชาดไทย
MOU396,ที่ทำการอุทยานแห่งชาติน้ำตกชาติตระการ,17.299622,100.679306,น่าน,น้ำภาค,ชาติตระการ,ชาติตระการ,พิษณุโลก,R,2023-10-31 10:56:32,-,มูลนิธิอาสาเพื่อนพึ่ง (ภาฯ) ยามยาก,มูลนิธิอาสาเพื่อนพึ่ง (ภาฯ) ยามยาก สภากาชาดไทย
MOU397,ที่ทำการอุทยานแห่งชาติภูหินร่องกล้า,17.0036,100.994,น่าน,แม่น้ำแควน้อยส่วนที่ 1,เนินเพิ่ม,นครไทย,พิษณุโลก,R,2023-10-31 00:00:00,-,มูลนิธิอาสาเพื่อนพึ่ง (ภาฯ) ยามยาก,สมาคมแม่บ้านทหารอากาศ
MOU409,สถานีเพาะชำกล้าไม้อุตรดิตถ์ ,17.7619,100.16187,น่าน,แม่น้ำน่านส่วนที่ 4/1,บ้านด่านนาขาม,เมืองอุตรดิตถ์,อุตรดิตถ์,R,2023-10-31 10:56:32,-,มูลนิธิอาสาเพื่อนพึ่ง (ภาฯ) ยามยาก,มูลนิธิอาสาเพื่อนพึ่ง (ภาฯ) ยามยาก สภากาชาดไทย
MOU413,หน่วยพิทักษ์อุทยานแห่งชาติที่ ขป. ๒  (น้ำตกปากแจ่ม),7.730779,99.68234,ภาคใต้ฝั่งตะวันตก,แม่น้ำตรัง,ปากแจ่ม,ห้วยยอด,ตรัง,R,2023-10-31 10:56:32,-,มูลนิธิอาสาเพื่อนพึ่ง (ภาฯ) ยามยาก,มูลนิธิอาสาเพื่อนพึ่ง (ภาฯ) ยามยาก สภากาชาดไทย
MOU415,หน่วยจัดการต้นน้ำสะแกกรัง,15.502365,99.461914,สะแกกรัง,ห้วยทับเสลา,ระบำ,ลานสัก,อุทัยธานี,R,2023-10-31 10:56:32,-,มูลนิธิอาสาเพื่อนพึ่ง (ภาฯ) ยามยาก,มูลนิธิอาสาเพื่อนพึ่ง (ภาฯ) ยามยาก สภากาชาดไทย
MOU416,หน่วยจัดการต้นน้ำขุนน้ำเย็น,15.8948,99.3084,สะแกกรัง,น้ำแม่วง,แม่เล่ย์,แม่วงก์,นครสวรรค์,R,2023-10-31 10:56:32,-,มูลนิธิอาสาเพื่อนพึ่ง (ภาฯ) ยามยาก,มูลนิธิอาสาเพื่อนพึ่ง (ภาฯ) ยามยาก สภากาชาดไทย
MOU423,หน่วยจัดการต้นน้ำห้วยตลาด,16.0672,101.319,ป่าสัก,แม่น้ำป่าสักส่วนที่ 3/1,ท่าด้วง,หนองไผ่,เพชรบูรณ์,R,2023-10-31 10:56:32,-,มูลนิธิอาสาเพื่อนพึ่ง (ภาฯ) ยามยาก,มูลนิธิอาสาเพื่อนพึ่ง (ภาฯ) ยามยาก สภากาชาดไทย
MOU426,หน่วยอนุรักษ์และจัดการต้นน้ำลำห้วยสัก,17.249895,101.38313,ป่าสัก,แม่น้ำป่าสักตอนบน,วังยาว,ด่านซ้าย,เลย,R,2023-10-31 00:00:00,-,มูลนิธิอาสาเพื่อนพึ่ง (ภาฯ) ยามยาก,มูลนิธิอาสาเพื่อนพึ่ง (ภาฯ) ยามยาก สภากาชาดไทย
MOU428,หน่วยศึกษาการพัฒนาการอนุรักษ์ต้นน้ำห้วยโล่ง,18.82737,99.83016,ยม,แม่น้ำงาว,นาแก,งาว,ลำปาง,R,2023-10-31 00:00:00,-,มูลนิธิอาสาเพื่อนพึ่ง (ภาฯ) ยามยาก,มูลนิธิอาสาเพื่อนพึ่ง (ภาฯ) ยามยาก สภากาชาดไทย
MOU431,สะพานแม่น้ำแควใหญ่,16.04942,98.84473,แม่กลอง,แม่น้ำแควใหญ่ตอนบนส่วนที่ 1,แม่กลอง,อุ้มผาง,ตาก,W,2023-10-31 10:56:32,-,มูลนิธิอาสาเพื่อนพึ่ง (ภาฯ) ยามยาก,มูลนิธิอาสาเพื่อนพึ่ง (ภาฯ) ยามยาก สภากาชาดไทย
MOU435,สวนไม้ดอกเมืองหนาวเบตง (หมู่บ้านปิยะมิตร ๒),5.884526,101.02208,ภาคใต้ฝั่งตะวันออกตอนล่าง,แม่น้ำปัตตานีตอนบน,ตาเนาะแมเราะ,เบตง,ยะลา,R,2023-10-31 10:56:32,-,มูลนิธิอาสาเพื่อนพึ่ง (ภาฯ) ยามยาก,มูลนิธิอาสาเพื่อนพึ่ง (ภาฯ) ยามยาก สภากาชาดไทย
MOU441,อุโมงค์ปิยะมิตร (บ้านปิยะมิตร ๑),5.889398,101.04708,ภาคใต้ฝั่งตะวันออกตอนล่าง,แม่น้ำปัตตานีตอนบน,ตาเนาะแมเราะ,เบตง,ยะลา,R,2023-10-31 10:56:32,-,มูลนิธิอาสาเพื่อนพึ่ง (ภาฯ) ยามยาก,มูลนิธิอาสาเพื่อนพึ่ง (ภาฯ) ยามยาก สภากาชาดไทย
MOU454,คลองเบตง (ชุมชนกุนุจนอง),5.785542,101.05586,ภาคใต้ฝั่งตะวันออกตอนล่าง,แม่น้ำปัตตานีตอนบน,เบตง,เบตง,ยะลา,W,2023-10-31 10:56:32,-,มูลนิธิอาสาเพื่อนพึ่ง (ภาฯ) ยามยาก,มูลนิธิอาสาเพื่อนพึ่ง (ภาฯ) ยามยาก สภากาชาดไทย
MOU464,หน่วยพิทักษ์ป่าคลองพอก,13.0987,102.196,บางปะกง,คลองพระสทึง,ทับช้าง,สอยดาว,จันทบุรี,R,2023-10-31 00:00:00,-,มูลนิธิอาสาเพื่อนพึ่ง (ภาฯ) ยามยาก,มูลนิธิอาสาเพื่อนพึ่ง (ภาฯ) ยามยาก สภากาชาดไทย
MOU467,หน่วยจัดการต้นน้ำภูไท,13.417791,101.883026,บางปะกง,คลองท่าลาด,คลองตะเกรา,ท่าตะเกียบ,ฉะเชิงเทรา,R,2023-10-31 00:00:00,-,มูลนิธิอาสาเพื่อนพึ่ง (ภาฯ) ยามยาก,บริษัท ดีเอสไอ คอร์ปอเรชั่น จำกัด  และบริษัทในเครือ
MOU468,หน่วยพิทักษ์ป่าอ่างช้างน้ำ,13.2743,101.082,บางปะกง,ที่ราบแม่น้ำบางปะกงส่วนที่ 2,บ้านบึง,บ้านบึง,ชลบุรี,R,2023-10-31 00:00:00,-,มูลนิธิอาสาเพื่อนพึ่ง (ภาฯ) ยามยาก,บริษัท เอ็ม.เจ.บางกอกวาล์วและฟิตติ้ง จำกัด
MOU471,สะพานคลองจันทเขลม,13.003284,102.04864,ชายฝั่งทะเลตะวันออก,แม่น้ำจันทบุรี,จันทเขลม,เขาคิชฌกูฏ,จันทบุรี,W,2023-10-31 00:00:00,-,มูลนิธิอาสาเพื่อนพึ่ง (ภาฯ) ยามยาก,มูลนิธิอาสาเพื่อนพึ่ง (ภาฯ) ยามยาก สภากาชาดไทย
MOU472,สะพานคลองวังโตนด,13.1195,101.9543,ชายฝั่งทะเลตะวันออก,คลองโตนด,ขุนซ่อง,แก่งหางแมว,จันทบุรี,W,2023-10-31 00:00:00,-,มูลนิธิอาสาเพื่อนพึ่ง (ภาฯ) ยามยาก,มูลนิธิอาสาเพื่อนพึ่ง (ภาฯ) ยามยาก สภากาชาดไทย
MOU473,สะพานคลองสะตอ,12.7065,102.415,ชายฝั่งทะเลตะวันออก,แม่น้ำเมืองตราด,หนองบอน,บ่อไร่,ตราด,W,2023-10-31 10:56:33,-,มูลนิธิอาสาเพื่อนพึ่ง (ภาฯ) ยามยาก,มูลนิธิอาสาเพื่อนพึ่ง (ภาฯ) ยามยาก สภากาชาดไทย
MOU474,หน่วยจัดการต้นน้ำน้ำหนาว,16.7712,101.6569,ชายฝั่งทะเลตะวันออก,แม่น้ำจันทบุรี,น้ำหนาว,น้ำหนาว,เพชรบูรณ์,R,2023-10-31 00:00:00,-,มูลนิธิอาสาเพื่อนพึ่ง (ภาฯ) ยามยาก,มูลนิธิอาสาเพื่อนพึ่ง (ภาฯ) ยามยาก สภากาชาดไทย
MOU475,หน่วยพิทักษ์อุทยานแห่งชาติที่ คก. ๓ (เขาพลู),12.4193,102.744,ชายฝั่งทะเลตะวันออก,แม่น้ำเมืองตราด,ด่านชุมพล,บ่อไร่,ตราด,R,2023-10-31 10:56:33,-,มูลนิธิอาสาเพื่อนพึ่ง (ภาฯ) ยามยาก,มูลนิธิอาสาเพื่อนพึ่ง (ภาฯ) ยามยาก สภากาชาดไทย
MOU476,หน่วยจัดการต้นน้ำคลองสะตอ,12.5973,102.608,ชายฝั่งทะเลตะวันออก,แม่น้ำเมืองตราด,นนทรีย์,บ่อไร่,ตราด,R,2023-10-31 00:00:00,-,มูลนิธิอาสาเพื่อนพึ่ง (ภาฯ) ยามยาก,มูลนิธิอาสาเพื่อนพึ่ง (ภาฯ) ยามยาก สภากาชาดไทย
MOU477,ศูนย์ศึกษาการพัฒนาการอนุรักษ์ต้นน้ำลุ่มน้ำป่าสัก,17.0821,101.4554,ชายฝั่งทะเลตะวันออก,แม่น้ำจันทบุรี,ศิลา,หล่มเก่า,เพชรบูรณ์,R,2023-10-31 00:00:00,-,มูลนิธิอาสาเพื่อนพึ่ง (ภาฯ) ยามยาก,มูลนิธิอาสาเพื่อนพึ่ง (ภาฯ) ยามยาก สภากาชาดไทย
MOU478,ที่ทำการอุทยานแห่งชาติเขาสิบห้าชั้น,13.1779,102.004,ชายฝั่งทะเลตะวันออก,คลองโตนด,ขุนซ่อง,แก่งหางแมว,จันทบุรี,R,2023-10-31 10:56:33,-,มูลนิธิอาสาเพื่อนพึ่ง (ภาฯ) ยามยาก,มูลนิธิอาสาเพื่อนพึ่ง (ภาฯ) ยามยาก สภากาชาดไทย
MOU479,ที่ทำการอุทยานแห่งชาติเขาชะเมา-เขาวง,12.912333,101.72454,ชายฝั่งทะเลตะวันออก,แม่น้ำประแส,น้ำเป็น,เขาชะเมา,ระยอง,R,2023-10-31 10:56:33,-,มูลนิธิอาสาเพื่อนพึ่ง (ภาฯ) ยามยาก,มูลนิธิอาสาเพื่อนพึ่ง (ภาฯ) ยามยาก สภากาชาดไทย
MOU480,หน่วยจัดการต้นน้ำคลองครก,13.1851,101.801,ชายฝั่งทะเลตะวันออก,คลองโตนด,พวา,แก่งหางแมว,จันทบุรี,R,2023-10-31 10:56:33,-,มูลนิธิอาสาเพื่อนพึ่ง (ภาฯ) ยามยาก,มูลนิธิอาสาเพื่อนพึ่ง (ภาฯ) ยามยาก สภากาชาดไทย
MOU481,หน่วยศึกษาการพัฒนาการอนุรักษ์ต้นน้ำบ้านหลวง,18.77419,100.42191,ชายฝั่งทะเลตะวันออก,คลองโตนด,บ้านฟ้า,บ้านหลวง,น่าน,R,2023-10-31 00:00:00,-,มูลนิธิอาสาเพื่อนพึ่ง (ภาฯ) ยามยาก,มูลนิธิอาสาเพื่อนพึ่ง (ภาฯ) ยามยาก สภากาชาดไทย
MOU483,ศูนย์ศึกษาและพัฒนาป่าไม้อ่าวคุ้งกระเบน,12.68629,101.89493,ชายฝั่งทะเลตะวันออก,ชายฝั่งทะเลตะวันออก (ลุ่มน้ำสาขา 3),คลองขุด,ท่าใหม่,จันทบุรี,R,2023-10-31 00:00:00,-,มูลนิธิอาสาเพื่อนพึ่ง (ภาฯ) ยามยาก,มูลนิธิอาสาเพื่อนพึ่ง (ภาฯ) ยามยาก สภากาชาดไทย
MOU484,ที่ทำการอุทยานแห่งชาติเกาะช้าง,12.12467,102.26831,null,null,เกาะช้าง,เกาะช้าง,ตราด,R,2023-10-31 10:56:33,-,มูลนิธิอาสาเพื่อนพึ่ง (ภาฯ) ยามยาก,มูลนิธิอาสาเพื่อนพึ่ง (ภาฯ) ยามยาก สภากาชาดไทย
MOU485,ที่ทำการอุทยานแห่งชาติกุยบุรี,12.05236,99.6244,เพชรบุรี-ประจวบคีรีขันธ์,คลองกุย,หาดขาม,กุยบุรี,ประจวบคีรีขันธ์,R,2023-10-31 10:56:33,-,มูลนิธิอาสาเพื่อนพึ่ง (ภาฯ) ยามยาก,มูลนิธิอาสาเพื่อนพึ่ง (ภาฯ) ยามยาก สภากาชาดไทย
MOU486,หน่วยพิทักษ์อุทยานแห่งชาติที่ สย. ๓ (โรงเจ ),12.228,99.9312,เพชรบุรี-ประจวบคีรีขันธ์,คลองเขาแดง,ไร่เก่า,สามร้อยยอด,ประจวบคีรีขันธ์,R,2023-10-31 10:56:33,-,มูลนิธิอาสาเพื่อนพึ่ง (ภาฯ) ยามยาก,มูลนิธิอาสาเพื่อนพึ่ง (ภาฯ) ยามยาก สภากาชาดไทย
MOU487,หน่วยจัดการต้นน้ำปราณบุรี,12.612043,99.546844,เพชรบุรี-ประจวบคีรีขันธ์,แม่น้ำปราณบุรี ( ลุ่มน้ำสาขา ),ป่าเด็ง,แก่งกระจาน,เพชรบุรี,R,2023-10-31 10:56:33,-,มูลนิธิอาสาเพื่อนพึ่ง (ภาฯ) ยามยาก,มูลนิธิอาสาเพื่อนพึ่ง (ภาฯ) ยามยาก สภากาชาดไทย
MOU488,หน่วยจัดการต้นน้ำปากพนัง,8.2542,99.803406,ภาคใต้ฝั่งตะวันออกตอนบน,ภาคใต้ฝั่งตะวันออกส่วนที่ 4,หินตก,ร่อนพิบูลย์,นครศรีธรรมราช,R,2023-10-31 10:56:33,-,มูลนิธิอาสาเพื่อนพึ่ง (ภาฯ) ยามยาก,มูลนิธิอาสาเพื่อนพึ่ง (ภาฯ) ยามยาก สภากาชาดไทย
MOU489,หน่วยพิทักษ์อุทยานแห่งชาติ ตย. ๔ (เขาทง),8.33562,99.70955,ภาคใต้ฝั่งตะวันออกตอนบน,ภาคใต้ฝั่งตะวันออกส่วนที่ 4,เขาแก้ว,ลานสกา,นครศรีธรรมราช,R,2023-10-31 00:00:00,-,มูลนิธิอาสาเพื่อนพึ่ง (ภาฯ) ยามยาก,มูลนิธิอาสาเพื่อนพึ่ง (ภาฯ) ยามยาก สภากาชาดไทย
MOU490,ศูนย์ศึกษาและพัฒนาป่าไม้ห้วยทราย,12.669511,99.91219,เพชรบุรี-ประจวบคีรีขันธ์,แม่น้ำเพชรบุรีตอนบน,สามพระยา,ชะอำ,เพชรบุรี,R,2023-10-31 00:00:00,-,มูลนิธิอาสาเพื่อนพึ่ง (ภาฯ) ยามยาก,มูลนิธิทุนประทาน
MOU491,ที่ทำการอุทยานแห่งชาติน้ำตกห้วยยาง,11.62575,99.61433,เพชรบุรี-ประจวบคีรีขันธ์,ชายฝั่งทะเลประจวบคีรีขันธ์ส่วนที่ 1,ห้วยยาง,ทับสะแก,ประจวบคีรีขันธ์,R,2023-10-31 10:56:33,-,มูลนิธิอาสาเพื่อนพึ่ง (ภาฯ) ยามยาก,มูลนิธิอาสาเพื่อนพึ่ง (ภาฯ) ยามยาก สภากาชาดไทย
MOU492,หน่วยพิทักษ์อุทยานแห่งชาติที่ หย. ๒ (น้ำตกขาอ่อน),11.4481,99.41958,เพชรบุรี-ประจวบคีรีขันธ์,ชายฝั่งทะเลประจวบคีรีขันธ์ส่วนที่ 1,ชัยเกษม,บางสะพาน,ประจวบคีรีขันธ์,R,2023-10-31 10:56:33,-,มูลนิธิอาสาเพื่อนพึ่ง (ภาฯ) ยามยาก,มูลนิธิอาสาเพื่อนพึ่ง (ภาฯ) ยามยาก สภากาชาดไทย
MOU493,สะพานคลองปง (คีรีวง),8.4339,99.7833,null,null,กำโลน,ลานสกา,นครศรีธรรมราช,W,2024-04-03 16:12:03,-,มูลนิธิอาสาเพื่อนพึ่ง (ภาฯ) ยามยาก,มูลนิธิอาสาเพื่อนพึ่ง (ภาฯ) ยามยาก สภากาชาดไทย
MOU494,สะพานบ้านคีรีวง คลองท่าดี,8.43295,99.7826,ภาคใต้ฝั่งตะวันออกตอนบน,ภาคใต้ฝั่งตะวันออกส่วนที่ 4,กำโลน,ลานสกา,นครศรีธรรมราช,W,2023-10-31 10:56:33,-,มูลนิธิอาสาเพื่อนพึ่ง (ภาฯ) ยามยาก,มูลนิธิอาสาเพื่อนพึ่ง (ภาฯ) ยามยาก สภากาชาดไทย
MOU495,หน่วยพิทักษ์ป่าบางพัน,8.509999,98.91024,ภาคใต้ฝั่งตะวันออกตอนบน,คลองอิปัน,ปลายพระยา,ปลายพระยา,กระบี่,R,2023-10-31 10:56:33,-,มูลนิธิอาสาเพื่อนพึ่ง (ภาฯ) ยามยาก,มูลนิธิอาสาเพื่อนพึ่ง (ภาฯ) ยามยาก สภากาชาดไทย
MOU496,ที่ทำการอุทยานแห่งชาติใต้ร่มเย็น,8.87205,99.47696,ภาคใต้ฝั่งตะวันออกตอนบน,แม่น้ำตาปีตอนล่างส่วนที่ 2,ลำพูน,บ้านนาสาร,สุราษฎร์ธานี,R,2023-10-31 10:56:33,-,มูลนิธิอาสาเพื่อนพึ่ง (ภาฯ) ยามยาก,มูลนิธิอาสาเพื่อนพึ่ง (ภาฯ) ยามยาก สภากาชาดไทย
MOU497,หน่วยพิทักษ์ป่าเขาชาลี,9.227045,98.52561,ภาคใต้ฝั่งตะวันออกตอนบน,คลองพระแสง,เขาพัง,บ้านตาขุน,สุราษฎร์ธานี,R,2023-10-31 10:56:33,-,มูลนิธิอาสาเพื่อนพึ่ง (ภาฯ) ยามยาก,มูลนิธิอาสาเพื่อนพึ่ง (ภาฯ) ยามยาก สภากาชาดไทย
MOU499,ศูนย์ศึกษาการพัฒนาการอนุรักษ์ต้นน้ำลุ่มน้ำภาตใต้ฝั่งตะวันออกตอนบน,9.75176,98.64635,ภาคใต้ฝั่งตะวันออกตอนบน,คลองหลังสวน,ปากทรง,พะโต๊ะ,ชุมพร,R,2023-10-31 10:56:33,-,มูลนิธิอาสาเพื่อนพึ่ง (ภาฯ) ยามยาก,มูลนิธิอาสาเพื่อนพึ่ง (ภาฯ) ยามยาก สภากาชาดไทย
MOU500,เขตรักษาพันธุ์สัตว์ป่า อุทยาน เสด็จในกรม กรมหลวงชุมพร ด้านทิศเหนือ (ตอนล่าง),10.90971,99.12433,ภาคใต้ฝั่งตะวันออกตอนบน,คลองท่าตะเภา ( ลุ่มน้ำสาขา ),สลุย,ท่าแซะ,ชุมพร,R,2023-10-31 10:56:33,-,มูลนิธิอาสาเพื่อนพึ่ง (ภาฯ) ยามยาก,มูลนิธิอาสาเพื่อนพึ่ง (ภาฯ) ยามยาก สภากาชาดไทย
MOU501,หน่วยป้องกันรักษาป่า ที่ สฎ. ๑๖ (เกาะสมุย),9.47909,99.9874,null,null,หน้าเมือง,เกาะสมุย,สุราษฎร์ธานี,R,2023-10-31 00:00:00,-,มูลนิธิอาสาเพื่อนพึ่ง (ภาฯ) ยามยาก,สมาคมภริยาทหารเรือ
MOU502,ที่ทำการเขตรักษาพันธุ์สัตว์ป่าโตนงาช้าง,6.9435725,100.25049,ทะเลสาบสงขลา,ทะเลสาบสงขลา ( ลุ่มน้ำสาขา ),ฉลุง,หาดใหญ่,สงขลา,R,2023-10-31 10:56:33,-,มูลนิธิอาสาเพื่อนพึ่ง (ภาฯ) ยามยาก,มูลนิธิอาสาเพื่อนพึ่ง (ภาฯ) ยามยาก สภากาชาดไทย
MOU505,หน่วยพิทักษ์อุทยานแห่งชาติที่ ขป. ๕ (บ้านในเตา),7.8944,99.70658,ภาคใต้ฝั่งตะวันตก,แม่น้ำตรัง,หนองปรือ,รัษฎา,ตรัง,R,2023-10-31 10:56:33,-,มูลนิธิอาสาเพื่อนพึ่ง (ภาฯ) ยามยาก,มูลนิธิอาสาเพื่อนพึ่ง (ภาฯ) ยามยาก สภากาชาดไทย
MOU506,หน่วยพิทักษ์ป่าเขาประ (แผ่นดินเสมอ),7.99341,99.26644,ภาคใต้ฝั่งตะวันตก,คลองท่อม,พรุดินนา,คลองท่อม,กระบี่,R,2023-10-31 00:00:00,-,มูลนิธิอาสาเพื่อนพึ่ง (ภาฯ) ยามยาก,สมาคมแม่บ้านตำรวจ
MOU507,ที่ทำการอุทยานแห่งชาติ.เขาพนมเบญจา,8.24044,98.91483,ภาคใต้ฝั่งตะวันตก,ภาคใต้ฝั่งตะวันตกส่วนที่ 2,ทับปริก,เมืองกระบี่,กระบี่,R,2023-10-31 10:56:33,-,มูลนิธิอาสาเพื่อนพึ่ง (ภาฯ) ยามยาก,มูลนิธิอาสาเพื่อนพึ่ง (ภาฯ) ยามยาก สภากาชาดไทย
MOU509,เขตรักษาพันธุ์สัตว์ป่า อุทยาน เสด็จในกรม กรมหลวงชุมพร ด้านทิศใต้,10.5135,98.91106,ภาคใต้ฝั่งตะวันตก,แม่น้ำกระบุรี ( ลุ่มน้ำสาขา ),จ.ป.ร.,กระบุรี,ระนอง,R,2023-10-31 10:56:33,-,มูลนิธิอาสาเพื่อนพึ่ง (ภาฯ) ยามยาก,มูลนิธิอาสาเพื่อนพึ่ง (ภาฯ) ยามยาก สภากาชาดไทย
MOU510,น้ำตกโตนแพรทอง,7.48415,99.8918,null,null,ลำสินธุ์,ศรีนครินทร์,พัทลุง,W,2024-04-02 00:00:00,-,มูลนิธิอาสาเพื่อนพึ่ง (ภาฯ) ยามยาก,มูลนิธิอาสาเพื่อนพึ่ง (ภาฯ) ยามยาก สภากาชาดไทย
